Population,Latitude,Longitude,Year_start,Year_end,Sex ,Cross_Line,Line,Starvation_resistance
Mossman,-16.467,145.37,2000,2000,female,Line,1,36
Mossman,-16.467,145.37,2000,2000,female,Line,1,42
Mossman,-16.467,145.37,2000,2000,female,Line,1,36
Mossman,-16.467,145.37,2000,2000,female,Line,1,54
Mossman,-16.467,145.37,2000,2000,female,Line,9,54
Mossman,-16.467,145.37,2000,2000,female,Line,9,30
Mossman,-16.467,145.37,2000,2000,female,Line,9,36
Mossman,-16.467,145.37,2000,2000,female,Line,9,42
Mossman,-16.467,145.37,2000,2000,female,Line,14,48
Mossman,-16.467,145.37,2000,2000,female,Line,14,68
Mossman,-16.467,145.37,2000,2000,female,Line,14,90
Mossman,-16.467,145.37,2000,2000,female,Line,14,60
Mossman,-16.467,145.37,2000,2000,female,Line,50,54
Mossman,-16.467,145.37,2000,2000,female,Line,50,48
Mossman,-16.467,145.37,2000,2000,female,Line,50,48
Mossman,-16.467,145.37,2000,2000,female,Line,50,
Mossman,-16.467,145.37,2000,2000,female,Line,52,54
Mossman,-16.467,145.37,2000,2000,female,Line,52,48
Mossman,-16.467,145.37,2000,2000,female,Line,52,54
Mossman,-16.467,145.37,2000,2000,female,Line,52,42
Mossman,-16.467,145.37,2000,2000,female,Line,54,60
Mossman,-16.467,145.37,2000,2000,female,Line,54,
Mossman,-16.467,145.37,2000,2000,female,Line,54,48
Mossman,-16.467,145.37,2000,2000,female,Line,54,60
Mossman,-16.467,145.37,2000,2000,male,Line,1,48
Mossman,-16.467,145.37,2000,2000,male,Line,1,60
Mossman,-16.467,145.37,2000,2000,male,Line,1,42
Mossman,-16.467,145.37,2000,2000,male,Line,1,54
Mossman,-16.467,145.37,2000,2000,male,Line,9,42
Mossman,-16.467,145.37,2000,2000,male,Line,9,18
Mossman,-16.467,145.37,2000,2000,male,Line,14,36
Mossman,-16.467,145.37,2000,2000,male,Line,14,42
Mossman,-16.467,145.37,2000,2000,male,Line,14,30
Mossman,-16.467,145.37,2000,2000,male,Line,14,36
Mossman,-16.467,145.37,2000,2000,male,Line,50,48
Mossman,-16.467,145.37,2000,2000,male,Line,50,42
Mossman,-16.467,145.37,2000,2000,male,Line,50,48
Mossman,-16.467,145.37,2000,2000,male,Line,50,42
Mossman,-16.467,145.37,2000,2000,male,Line,52,72
Mossman,-16.467,145.37,2000,2000,male,Line,52,42
Mossman,-16.467,145.37,2000,2000,male,Line,52,48
Mossman,-16.467,145.37,2000,2000,male,Line,52,48
Mossman,-16.467,145.37,2000,2000,male,Line,54,54
Mossman,-16.467,145.37,2000,2000,male,Line,54,48
Mossman,-16.467,145.37,2000,2000,male,Line,54,42
Mossman,-16.467,145.37,2000,2000,male,Line,54,24
Innisfail,-17.500,145.7,2000,2000,female,Cross,67,54
Innisfail,-17.500,145.7,2000,2000,female,Cross,67,72
Innisfail,-17.500,145.7,2000,2000,female,Cross,67,60
Innisfail,-17.500,145.7,2000,2000,female,Cross,67,36
Innisfail,-17.500,145.7,2000,2000,female,Cross,69,24
Innisfail,-17.500,145.7,2000,2000,female,Cross,69,36
Innisfail,-17.500,145.7,2000,2000,female,Cross,69,36
Innisfail,-17.500,145.7,2000,2000,female,Cross,69,42
Innisfail,-17.500,145.7,2000,2000,female,Cross,71,72
Innisfail,-17.500,145.7,2000,2000,female,Cross,71,54
Innisfail,-17.500,145.7,2000,2000,female,Cross,71,54
Innisfail,-17.500,145.7,2000,2000,female,Cross,71,36
Innisfail,-17.500,145.7,2000,2000,male,Cross,67,24
Innisfail,-17.500,145.7,2000,2000,male,Cross,67,18
Innisfail,-17.500,145.7,2000,2000,male,Cross,67,48
Innisfail,-17.500,145.7,2000,2000,male,Cross,67,54
Innisfail,-17.500,145.7,2000,2000,male,Cross,69,42
Innisfail,-17.500,145.7,2000,2000,male,Cross,69,36
Innisfail,-17.500,145.7,2000,2000,male,Cross,69,42
Innisfail,-17.500,145.7,2000,2000,male,Cross,69,42
Innisfail,-17.500,145.7,2000,2000,male,Cross,71,54
Innisfail,-17.500,145.7,2000,2000,male,Cross,71,60
Innisfail,-17.500,145.7,2000,2000,male,Cross,71,54
Innisfail,-17.500,145.7,2000,2000,male,Cross,71,54
Innisfail,-17.500,145.7,2000,2000,female,Line,8,42
Innisfail,-17.500,145.7,2000,2000,female,Line,8,54
Innisfail,-17.500,145.7,2000,2000,female,Line,8,54
Innisfail,-17.500,145.7,2000,2000,female,Line,8,36
Innisfail,-17.500,145.7,2000,2000,female,Line,10,36
Innisfail,-17.500,145.7,2000,2000,female,Line,10,24
Innisfail,-17.500,145.7,2000,2000,female,Line,10,54
Innisfail,-17.500,145.7,2000,2000,female,Line,13,54
Innisfail,-17.500,145.7,2000,2000,female,Line,13,24
Innisfail,-17.500,145.7,2000,2000,female,Line,13,48
Innisfail,-17.500,145.7,2000,2000,female,Line,13,48
Innisfail,-17.500,145.7,2000,2000,male,Line,8,42
Innisfail,-17.500,145.7,2000,2000,male,Line,8,60
Innisfail,-17.500,145.7,2000,2000,male,Line,8,60
Innisfail,-17.500,145.7,2000,2000,male,Line,8,
Innisfail,-17.500,145.7,2000,2000,male,Line,10,42
Innisfail,-17.500,145.7,2000,2000,male,Line,10,48
Innisfail,-17.500,145.7,2000,2000,male,Line,10,42
Innisfail,-17.500,145.7,2000,2000,male,Line,10,36
Innisfail,-17.500,145.7,2000,2000,male,Line,13,54
Innisfail,-17.500,145.7,2000,2000,male,Line,13,48
Innisfail,-17.500,145.7,2000,2000,male,Line,13,42
Innisfail,-17.500,145.7,2000,2000,male,Line,13,54
Bowen,-20.000,148.20,2000,2000,female,Cross,25,30
Bowen,-20.000,148.20,2000,2000,female,Cross,25,42
Bowen,-20.000,148.20,2000,2000,female,Cross,25,54
Bowen,-20.000,148.20,2000,2000,female,Cross,25,68
Bowen,-20.000,148.20,2000,2000,female,Cross,27,54
Bowen,-20.000,148.20,2000,2000,female,Cross,27,72
Bowen,-20.000,148.20,2000,2000,female,Cross,27,60
Bowen,-20.000,148.20,2000,2000,female,Cross,27,48
Bowen,-20.000,148.20,2000,2000,female,Cross,29,42
Bowen,-20.000,148.20,2000,2000,female,Cross,29,48
Bowen,-20.000,148.20,2000,2000,female,Cross,29,36
Bowen,-20.000,148.20,2000,2000,female,Cross,29,60
Bowen,-20.000,148.20,2000,2000,male,Cross,27,54
Bowen,-20.000,148.20,2000,2000,male,Cross,27,54
Bowen,-20.000,148.20,2000,2000,male,Cross,27,60
Bowen,-20.000,148.20,2000,2000,male,Cross,27,54
Bowen,-20.000,148.20,2000,2000,male,Cross,29,48
Bowen,-20.000,148.20,2000,2000,male,Cross,29,54
Bowen,-20.000,148.20,2000,2000,male,Cross,29,68
Bowen,-20.000,148.20,2000,2000,male,Cross,29,60
Bowen,-20.000,148.20,2000,2000,female,Line,3,
Bowen,-20.000,148.20,2000,2000,female,Line,3,42
Bowen,-20.000,148.20,2000,2000,female,Line,3,54
Bowen,-20.000,148.20,2000,2000,female,Line,3,48
Bowen,-20.000,148.20,2000,2000,female,Line,16,42
Bowen,-20.000,148.20,2000,2000,female,Line,16,48
Bowen,-20.000,148.20,2000,2000,female,Line,16,54
Bowen,-20.000,148.20,2000,2000,female,Line,16,48
Bowen,-20.000,148.20,2000,2000,male,Line,3,72
Bowen,-20.000,148.20,2000,2000,male,Line,3,54
Bowen,-20.000,148.20,2000,2000,male,Line,3,54
Bowen,-20.000,148.20,2000,2000,male,Line,3,54
Bowen,-20.000,148.20,2000,2000,male,Line,16,48
Bowen,-20.000,148.20,2000,2000,male,Line,16,54
Bowen,-20.000,148.20,2000,2000,male,Line,16,48
Bowen,-20.000,148.20,2000,2000,male,Line,16,42
Sarina,-21.367,149.28,2000,2000,female,Line,3,30
Sarina,-21.367,149.28,2000,2000,female,Line,3,48
Sarina,-21.367,149.28,2000,2000,female,Line,3,30
Sarina,-21.367,149.28,2000,2000,female,Line,3,54
Sarina,-21.367,149.28,2000,2000,female,Line,6,24
Sarina,-21.367,149.28,2000,2000,female,Line,6,42
Sarina,-21.367,149.28,2000,2000,female,Line,6,54
Sarina,-21.367,149.28,2000,2000,female,Line,6,36
Sarina,-21.367,149.28,2000,2000,female,Line,8,42
Sarina,-21.367,149.28,2000,2000,female,Line,8,54
Sarina,-21.367,149.28,2000,2000,female,Line,8,54
Sarina,-21.367,149.28,2000,2000,female,Line,8,48
Sarina,-21.367,149.28,2000,2000,female,Line,73,42
Sarina,-21.367,149.28,2000,2000,female,Line,73,54
Sarina,-21.367,149.28,2000,2000,female,Line,73,36
Sarina,-21.367,149.28,2000,2000,female,Line,73,48
Sarina,-21.367,149.28,2000,2000,female,Line,75,90
Sarina,-21.367,149.28,2000,2000,female,Line,75,42
Sarina,-21.367,149.28,2000,2000,female,Line,75,42
Sarina,-21.367,149.28,2000,2000,female,Line,75,42
Sarina,-21.367,149.28,2000,2000,female,Line,77,42
Sarina,-21.367,149.28,2000,2000,female,Line,77,36
Sarina,-21.367,149.28,2000,2000,female,Line,77,36
Sarina,-21.367,149.28,2000,2000,female,Line,77,54
Sarina,-21.367,149.28,2000,2000,female,Line,77,42
Sarina,-21.367,149.28,2000,2000,male,Line,3,60
Sarina,-21.367,149.28,2000,2000,male,Line,3,48
Sarina,-21.367,149.28,2000,2000,male,Line,3,54
Sarina,-21.367,149.28,2000,2000,male,Line,3,36
Sarina,-21.367,149.28,2000,2000,male,Line,6,48
Sarina,-21.367,149.28,2000,2000,male,Line,6,48
Sarina,-21.367,149.28,2000,2000,male,Line,6,48
Sarina,-21.367,149.28,2000,2000,male,Line,6,42
Sarina,-21.367,149.28,2000,2000,male,Line,8,42
Sarina,-21.367,149.28,2000,2000,male,Line,8,42
Sarina,-21.367,149.28,2000,2000,male,Line,8,54
Sarina,-21.367,149.28,2000,2000,male,Line,8,42
Sarina,-21.367,149.28,2000,2000,male,Line,30,36
Sarina,-21.367,149.28,2000,2000,male,Line,30,36
Sarina,-21.367,149.28,2000,2000,male,Line,30,42
Sarina,-21.367,149.28,2000,2000,male,Line,30,48
Sarina,-21.367,149.28,2000,2000,male,Line,73,42
Sarina,-21.367,149.28,2000,2000,male,Line,73,60
Sarina,-21.367,149.28,2000,2000,male,Line,73,54
Sarina,-21.367,149.28,2000,2000,male,Line,73,54
Sarina,-21.367,149.28,2000,2000,male,Line,75,54
Sarina,-21.367,149.28,2000,2000,male,Line,75,48
Sarina,-21.367,149.28,2000,2000,male,Line,75,60
Sarina,-21.367,149.28,2000,2000,male,Line,75,48
Sarina,-21.367,149.28,2000,2000,male,Line,77,48
Sarina,-21.367,149.28,2000,2000,male,Line,77,42
Sarina,-21.367,149.28,2000,2000,male,Line,77,42
Rockhampton,-23.400,150.48,2000,2000,female,Cross,22,48
Rockhampton,-23.400,150.48,2000,2000,female,Cross,22,36
Rockhampton,-23.400,150.48,2000,2000,female,Cross,22,42
Rockhampton,-23.400,150.48,2000,2000,female,Cross,22,36
Rockhampton,-23.400,150.48,2000,2000,female,Cross,24,30
Rockhampton,-23.400,150.48,2000,2000,female,Cross,24,36
Rockhampton,-23.400,150.48,2000,2000,female,Cross,24,42
Rockhampton,-23.400,150.48,2000,2000,female,Cross,24,48
Rockhampton,-23.400,150.48,2000,2000,male,Cross,22,42
Rockhampton,-23.400,150.48,2000,2000,male,Cross,22,42
Rockhampton,-23.400,150.48,2000,2000,male,Cross,22,30
Rockhampton,-23.400,150.48,2000,2000,male,Cross,22,30
Rockhampton,-23.400,150.48,2000,2000,male,Cross,24,48
Rockhampton,-23.400,150.48,2000,2000,male,Cross,24,42
Rockhampton,-23.400,150.48,2000,2000,male,Cross,24,48
Rockhampton,-23.400,150.48,2000,2000,male,Cross,24,42
Rockhampton,-23.400,150.48,2000,2000,female,Line,2,30
Rockhampton,-23.400,150.48,2000,2000,female,Line,2,36
Rockhampton,-23.400,150.48,2000,2000,female,Line,2,30
Rockhampton,-23.400,150.48,2000,2000,female,Line,2,36
Rockhampton,-23.400,150.48,2000,2000,female,Line,3,48
Rockhampton,-23.400,150.48,2000,2000,female,Line,3,42
Rockhampton,-23.400,150.48,2000,2000,female,Line,3,36
Rockhampton,-23.400,150.48,2000,2000,female,Line,3,42
Rockhampton,-23.400,150.48,2000,2000,female,Line,4,54
Rockhampton,-23.400,150.48,2000,2000,female,Line,4,36
Rockhampton,-23.400,150.48,2000,2000,female,Line,4,42
Rockhampton,-23.400,150.48,2000,2000,female,Line,4,68
Rockhampton,-23.400,150.48,2000,2000,female,Line,8,42
Rockhampton,-23.400,150.48,2000,2000,female,Line,8,60
Rockhampton,-23.400,150.48,2000,2000,female,Line,8,54
Rockhampton,-23.400,150.48,2000,2000,female,Line,8,54
Rockhampton,-23.400,150.48,2000,2000,female,Line,11,60
Rockhampton,-23.400,150.48,2000,2000,female,Line,11,54
Rockhampton,-23.400,150.48,2000,2000,female,Line,11,90
Rockhampton,-23.400,150.48,2000,2000,female,Line,11,
Rockhampton,-23.400,150.48,2000,2000,female,Line,14,42
Rockhampton,-23.400,150.48,2000,2000,female,Line,14,36
Rockhampton,-23.400,150.48,2000,2000,female,Line,14,42
Rockhampton,-23.400,150.48,2000,2000,female,Line,14,42
Rockhampton,-23.400,150.48,2000,2000,female,Line,26,36
Rockhampton,-23.400,150.48,2000,2000,female,Line,26,42
Rockhampton,-23.400,150.48,2000,2000,female,Line,26,36
Rockhampton,-23.400,150.48,2000,2000,female,Line,26,30
Rockhampton,-23.400,150.48,2000,2000,female,Line,28,36
Rockhampton,-23.400,150.48,2000,2000,female,Line,28,36
Rockhampton,-23.400,150.48,2000,2000,female,Line,28,36
Rockhampton,-23.400,150.48,2000,2000,female,Line,28,42
Rockhampton,-23.400,150.48,2000,2000,female,Line,30,54
Rockhampton,-23.400,150.48,2000,2000,female,Line,30,42
Rockhampton,-23.400,150.48,2000,2000,female,Line,30,54
Rockhampton,-23.400,150.48,2000,2000,female,Line,30,48
Rockhampton,-23.400,150.48,2000,2000,male,Line,2,36
Rockhampton,-23.400,150.48,2000,2000,male,Line,2,36
Rockhampton,-23.400,150.48,2000,2000,male,Line,2,48
Rockhampton,-23.400,150.48,2000,2000,male,Line,2,42
Rockhampton,-23.400,150.48,2000,2000,male,Line,3,30
Rockhampton,-23.400,150.48,2000,2000,male,Line,3,30
Rockhampton,-23.400,150.48,2000,2000,male,Line,3,42
Rockhampton,-23.400,150.48,2000,2000,male,Line,3,30
Rockhampton,-23.400,150.48,2000,2000,male,Line,4,36
Rockhampton,-23.400,150.48,2000,2000,male,Line,4,42
Rockhampton,-23.400,150.48,2000,2000,male,Line,4,36
Rockhampton,-23.400,150.48,2000,2000,male,Line,4,42
Rockhampton,-23.400,150.48,2000,2000,male,Line,8,36
Rockhampton,-23.400,150.48,2000,2000,male,Line,8,36
Rockhampton,-23.400,150.48,2000,2000,male,Line,8,42
Rockhampton,-23.400,150.48,2000,2000,male,Line,8,42
Rockhampton,-23.400,150.48,2000,2000,male,Line,11,48
Rockhampton,-23.400,150.48,2000,2000,male,Line,11,48
Rockhampton,-23.400,150.48,2000,2000,male,Line,11,42
Rockhampton,-23.400,150.48,2000,2000,male,Line,11,42
Rockhampton,-23.400,150.48,2000,2000,male,Line,14,30
Rockhampton,-23.400,150.48,2000,2000,male,Line,14,30
Rockhampton,-23.400,150.48,2000,2000,male,Line,14,42
Rockhampton,-23.400,150.48,2000,2000,male,Line,14,30
Rockhampton,-23.400,150.48,2000,2000,male,Line,26,30
Rockhampton,-23.400,150.48,2000,2000,male,Line,26,36
Rockhampton,-23.400,150.48,2000,2000,male,Line,26,48
Rockhampton,-23.400,150.48,2000,2000,male,Line,26,42
Gladstone,-23.883,151.26,2000,2000,female,Cross,65,42
Gladstone,-23.883,151.26,2000,2000,female,Cross,65,48
Gladstone,-23.883,151.26,2000,2000,female,Cross,65,42
Gladstone,-23.883,151.26,2000,2000,female,Cross,65,48
Gladstone,-23.883,151.26,2000,2000,male,Cross,65,42
Gladstone,-23.883,151.26,2000,2000,male,Cross,65,36
Gladstone,-23.883,151.26,2000,2000,male,Cross,65,42
Gladstone,-23.883,151.26,2000,2000,male,Cross,65,30
Gladstone,-23.883,151.26,2000,2000,female,Line,1,54
Gladstone,-23.883,151.26,2000,2000,female,Line,1,
Gladstone,-23.883,151.26,2000,2000,female,Line,1,68
Gladstone,-23.883,151.26,2000,2000,female,Line,1,54
Gladstone,-23.883,151.26,2000,2000,female,Line,2,36
Gladstone,-23.883,151.26,2000,2000,female,Line,2,48
Gladstone,-23.883,151.26,2000,2000,female,Line,2,36
Gladstone,-23.883,151.26,2000,2000,female,Line,2,48
Gladstone,-23.883,151.26,2000,2000,female,Line,3,42
Gladstone,-23.883,151.26,2000,2000,female,Line,3,60
Gladstone,-23.883,151.26,2000,2000,female,Line,3,36
Gladstone,-23.883,151.26,2000,2000,female,Line,3,42
Gladstone,-23.883,151.26,2000,2000,male,Line,1,42
Gladstone,-23.883,151.26,2000,2000,male,Line,1,48
Gladstone,-23.883,151.26,2000,2000,male,Line,1,36
Gladstone,-23.883,151.26,2000,2000,male,Line,1,48
Gladstone,-23.883,151.26,2000,2000,male,Line,2,36
Gladstone,-23.883,151.26,2000,2000,male,Line,2,54
Gladstone,-23.883,151.26,2000,2000,male,Line,2,42
Gladstone,-23.883,151.26,2000,2000,male,Line,2,42
Gladstone,-23.883,151.26,2000,2000,male,Line,3,42
Gladstone,-23.883,151.26,2000,2000,male,Line,3,30
Gladstone,-23.883,151.26,2000,2000,male,Line,3,42
Gladstone,-23.883,151.26,2000,2000,male,Line,3,36
Miriam_Vale,-24.330,151.58,2000,2000,female,Line,2,30
Miriam_Vale,-24.330,151.58,2000,2000,female,Line,2,42
Miriam_Vale,-24.330,151.58,2000,2000,female,Line,2,36
Miriam_Vale,-24.330,151.58,2000,2000,female,Line,2,42
Miriam_Vale,-24.330,151.58,2000,2000,female,Line,12,42
Miriam_Vale,-24.330,151.58,2000,2000,female,Line,12,60
Miriam_Vale,-24.330,151.58,2000,2000,female,Line,12,42
Miriam_Vale,-24.330,151.58,2000,2000,female,Line,12,60
Miriam_Vale,-24.330,151.58,2000,2000,female,Line,17,30
Miriam_Vale,-24.330,151.58,2000,2000,female,Line,17,48
Miriam_Vale,-24.330,151.58,2000,2000,female,Line,17,48
Miriam_Vale,-24.330,151.58,2000,2000,female,Line,17,42
Miriam_Vale,-24.330,151.58,2000,2000,female,Line,46,42
Miriam_Vale,-24.330,151.58,2000,2000,female,Line,46,54
Miriam_Vale,-24.330,151.58,2000,2000,female,Line,46,48
Miriam_Vale,-24.330,151.58,2000,2000,female,Line,46,
Miriam_Vale,-24.330,151.58,2000,2000,female,Line,48,54
Miriam_Vale,-24.330,151.58,2000,2000,female,Line,48,72
Miriam_Vale,-24.330,151.58,2000,2000,female,Line,48,54
Miriam_Vale,-24.330,151.58,2000,2000,female,Line,48,54
Miriam_Vale,-24.330,151.58,2000,2000,male,Line,2,42
Miriam_Vale,-24.330,151.58,2000,2000,male,Line,2,42
Miriam_Vale,-24.330,151.58,2000,2000,male,Line,2,36
Miriam_Vale,-24.330,151.58,2000,2000,male,Line,2,36
Miriam_Vale,-24.330,151.58,2000,2000,male,Line,12,24
Miriam_Vale,-24.330,151.58,2000,2000,male,Line,12,42
Miriam_Vale,-24.330,151.58,2000,2000,male,Line,12,
Miriam_Vale,-24.330,151.58,2000,2000,male,Line,12,36
Miriam_Vale,-24.330,151.58,2000,2000,male,Line,17,54
Miriam_Vale,-24.330,151.58,2000,2000,male,Line,17,42
Miriam_Vale,-24.330,151.58,2000,2000,male,Line,17,42
Miriam_Vale,-24.330,151.58,2000,2000,male,Line,17,54
Miriam_Vale,-24.330,151.58,2000,2000,male,Line,46,30
Miriam_Vale,-24.330,151.58,2000,2000,male,Line,46,36
Miriam_Vale,-24.330,151.58,2000,2000,male,Line,46,36
Miriam_Vale,-24.330,151.58,2000,2000,male,Line,46,42
Miriam_Vale,-24.330,151.58,2000,2000,male,Line,48,54
Miriam_Vale,-24.330,151.58,2000,2000,male,Line,48,54
Miriam_Vale,-24.330,151.58,2000,2000,male,Line,48,48
Miriam_Vale,-24.330,151.58,2000,2000,male,Line,48,60
Maryborough,-25.367,152.69,2000,2000,female,Line,1,42
Maryborough,-25.367,152.69,2000,2000,female,Line,1,42
Maryborough,-25.367,152.69,2000,2000,female,Line,1,54
Maryborough,-25.367,152.69,2000,2000,female,Line,1,42
Maryborough,-25.367,152.69,2000,2000,female,Line,1,42
Maryborough,-25.367,152.69,2000,2000,female,Line,1,90
Maryborough,-25.367,152.69,2000,2000,female,Line,1,42
Maryborough,-25.367,152.69,2000,2000,female,Line,1,60
Maryborough,-25.367,152.69,2000,2000,female,Line,1,42
Maryborough,-25.367,152.69,2000,2000,female,Line,1,54
Maryborough,-25.367,152.69,2000,2000,female,Line,1,48
Maryborough,-25.367,152.69,2000,2000,female,Line,1,48
Maryborough,-25.367,152.69,2000,2000,female,Line,1,54
Maryborough,-25.367,152.69,2000,2000,female,Line,1,72
Maryborough,-25.367,152.69,2000,2000,female,Line,1,54
Maryborough,-25.367,152.69,2000,2000,female,Line,1,72
Maryborough,-25.367,152.69,2000,2000,female,Line,2,42
Maryborough,-25.367,152.69,2000,2000,female,Line,2,42
Maryborough,-25.367,152.69,2000,2000,female,Line,2,36
Maryborough,-25.367,152.69,2000,2000,female,Line,2,54
Maryborough,-25.367,152.69,2000,2000,female,Line,2,48
Maryborough,-25.367,152.69,2000,2000,female,Line,2,48
Maryborough,-25.367,152.69,2000,2000,female,Line,2,48
Maryborough,-25.367,152.69,2000,2000,female,Line,2,48
Maryborough,-25.367,152.69,2000,2000,female,Line,2,42
Maryborough,-25.367,152.69,2000,2000,female,Line,2,60
Maryborough,-25.367,152.69,2000,2000,female,Line,2,54
Maryborough,-25.367,152.69,2000,2000,female,Line,2,36
Maryborough,-25.367,152.69,2000,2000,female,Line,3,54
Maryborough,-25.367,152.69,2000,2000,female,Line,3,36
Maryborough,-25.367,152.69,2000,2000,female,Line,3,60
Maryborough,-25.367,152.69,2000,2000,female,Line,3,36
Maryborough,-25.367,152.69,2000,2000,female,Line,6,42
Maryborough,-25.367,152.69,2000,2000,female,Line,6,30
Maryborough,-25.367,152.69,2000,2000,female,Line,6,36
Maryborough,-25.367,152.69,2000,2000,female,Line,6,36
Maryborough,-25.367,152.69,2000,2000,female,Line,10,54
Maryborough,-25.367,152.69,2000,2000,female,Line,10,42
Maryborough,-25.367,152.69,2000,2000,female,Line,10,54
Maryborough,-25.367,152.69,2000,2000,female,Line,10,72
Maryborough,-25.367,152.69,2000,2000,female,Line,19,42
Maryborough,-25.367,152.69,2000,2000,female,Line,19,54
Maryborough,-25.367,152.69,2000,2000,female,Line,19,68
Maryborough,-25.367,152.69,2000,2000,female,Line,19,54
Maryborough,-25.367,152.69,2000,2000,female,Line,21,42
Maryborough,-25.367,152.69,2000,2000,female,Line,21,54
Maryborough,-25.367,152.69,2000,2000,female,Line,21,
Maryborough,-25.367,152.69,2000,2000,female,Line,21,54
Maryborough,-25.367,152.69,2000,2000,female,Line,23,60
Maryborough,-25.367,152.69,2000,2000,female,Line,23,54
Maryborough,-25.367,152.69,2000,2000,female,Line,23,54
Maryborough,-25.367,152.69,2000,2000,female,Line,23,60
Maryborough,-25.367,152.69,2000,2000,female,Line,43,68
Maryborough,-25.367,152.69,2000,2000,female,Line,43,36
Maryborough,-25.367,152.69,2000,2000,female,Line,43,36
Maryborough,-25.367,152.69,2000,2000,female,Line,43,42
Maryborough,-25.367,152.69,2000,2000,female,Line,45,54
Maryborough,-25.367,152.69,2000,2000,female,Line,45,48
Maryborough,-25.367,152.69,2000,2000,female,Line,45,68
Maryborough,-25.367,152.69,2000,2000,female,Line,45,68
Maryborough,-25.367,152.69,2000,2000,female,Line,47,36
Maryborough,-25.367,152.69,2000,2000,female,Line,47,42
Maryborough,-25.367,152.69,2000,2000,female,Line,47,42
Maryborough,-25.367,152.69,2000,2000,female,Line,47,36
Maryborough,-25.367,152.69,2000,2000,male,Line,1,36
Maryborough,-25.367,152.69,2000,2000,male,Line,1,36
Maryborough,-25.367,152.69,2000,2000,male,Line,1,42
Maryborough,-25.367,152.69,2000,2000,male,Line,1,30
Maryborough,-25.367,152.69,2000,2000,male,Line,1,36
Maryborough,-25.367,152.69,2000,2000,male,Line,1,48
Maryborough,-25.367,152.69,2000,2000,male,Line,1,48
Maryborough,-25.367,152.69,2000,2000,male,Line,1,42
Maryborough,-25.367,152.69,2000,2000,male,Line,2,42
Maryborough,-25.367,152.69,2000,2000,male,Line,2,42
Maryborough,-25.367,152.69,2000,2000,male,Line,2,42
Maryborough,-25.367,152.69,2000,2000,male,Line,2,42
Maryborough,-25.367,152.69,2000,2000,male,Line,2,54
Maryborough,-25.367,152.69,2000,2000,male,Line,2,48
Maryborough,-25.367,152.69,2000,2000,male,Line,2,60
Maryborough,-25.367,152.69,2000,2000,male,Line,2,42
Maryborough,-25.367,152.69,2000,2000,male,Line,2,42
Maryborough,-25.367,152.69,2000,2000,male,Line,2,42
Maryborough,-25.367,152.69,2000,2000,male,Line,2,48
Maryborough,-25.367,152.69,2000,2000,male,Line,2,48
Maryborough,-25.367,152.69,2000,2000,male,Line,3,36
Maryborough,-25.367,152.69,2000,2000,male,Line,3,42
Maryborough,-25.367,152.69,2000,2000,male,Line,3,30
Maryborough,-25.367,152.69,2000,2000,male,Line,3,36
Maryborough,-25.367,152.69,2000,2000,male,Line,3,48
Maryborough,-25.367,152.69,2000,2000,male,Line,3,42
Maryborough,-25.367,152.69,2000,2000,male,Line,3,42
Maryborough,-25.367,152.69,2000,2000,male,Line,3,42
Maryborough,-25.367,152.69,2000,2000,male,Line,4,30
Maryborough,-25.367,152.69,2000,2000,male,Line,4,42
Maryborough,-25.367,152.69,2000,2000,male,Line,4,48
Maryborough,-25.367,152.69,2000,2000,male,Line,4,42
Maryborough,-25.367,152.69,2000,2000,male,Line,6,42
Maryborough,-25.367,152.69,2000,2000,male,Line,6,42
Maryborough,-25.367,152.69,2000,2000,male,Line,6,36
Maryborough,-25.367,152.69,2000,2000,male,Line,6,42
Maryborough,-25.367,152.69,2000,2000,male,Line,10,54
Maryborough,-25.367,152.69,2000,2000,male,Line,10,48
Maryborough,-25.367,152.69,2000,2000,male,Line,10,48
Maryborough,-25.367,152.69,2000,2000,male,Line,10,42
Maryborough,-25.367,152.69,2000,2000,male,Line,19,36
Maryborough,-25.367,152.69,2000,2000,male,Line,19,54
Maryborough,-25.367,152.69,2000,2000,male,Line,19,48
Maryborough,-25.367,152.69,2000,2000,male,Line,19,54
Maryborough,-25.367,152.69,2000,2000,male,Line,21,42
Maryborough,-25.367,152.69,2000,2000,male,Line,21,48
Maryborough,-25.367,152.69,2000,2000,male,Line,21,48
Maryborough,-25.367,152.69,2000,2000,male,Line,21,54
Maryborough,-25.367,152.69,2000,2000,male,Line,23,42
Maryborough,-25.367,152.69,2000,2000,male,Line,23,54
Maryborough,-25.367,152.69,2000,2000,male,Line,23,42
Maryborough,-25.367,152.69,2000,2000,male,Line,23,42
Maryborough,-25.367,152.69,2000,2000,male,Line,43,42
Maryborough,-25.367,152.69,2000,2000,male,Line,43,36
Maryborough,-25.367,152.69,2000,2000,male,Line,43,36
Maryborough,-25.367,152.69,2000,2000,male,Line,43,42
Maryborough,-25.367,152.69,2000,2000,male,Line,47,42
Maryborough,-25.367,152.69,2000,2000,male,Line,47,36
Maryborough,-25.367,152.69,2000,2000,male,Line,47,
Maryborough,-25.367,152.69,2000,2000,male,Line,47,36
Rainbow_Beach,-25.930,153.09,2000,2000,female,Line,1,68
Rainbow_Beach,-25.930,153.09,2000,2000,female,Line,1,60
Rainbow_Beach,-25.930,153.09,2000,2000,female,Line,1,42
Rainbow_Beach,-25.930,153.09,2000,2000,female,Line,1,48
Rainbow_Beach,-25.930,153.09,2000,2000,female,Line,3,36
Rainbow_Beach,-25.930,153.09,2000,2000,female,Line,3,48
Rainbow_Beach,-25.930,153.09,2000,2000,female,Line,3,90
Rainbow_Beach,-25.930,153.09,2000,2000,female,Line,3,42
Rainbow_Beach,-25.930,153.09,2000,2000,female,Line,6,60
Rainbow_Beach,-25.930,153.09,2000,2000,female,Line,6,42
Rainbow_Beach,-25.930,153.09,2000,2000,female,Line,6,36
Rainbow_Beach,-25.930,153.09,2000,2000,female,Line,6,36
Rainbow_Beach,-25.930,153.09,2000,2000,female,Line,13,36
Rainbow_Beach,-25.930,153.09,2000,2000,female,Line,13,36
Rainbow_Beach,-25.930,153.09,2000,2000,female,Line,13,36
Rainbow_Beach,-25.930,153.09,2000,2000,female,Line,13,30
Rainbow_Beach,-25.930,153.09,2000,2000,female,Line,15,36
Rainbow_Beach,-25.930,153.09,2000,2000,female,Line,15,30
Rainbow_Beach,-25.930,153.09,2000,2000,female,Line,15,60
Rainbow_Beach,-25.930,153.09,2000,2000,female,Line,15,60
Rainbow_Beach,-25.930,153.09,2000,2000,female,Line,17,48
Rainbow_Beach,-25.930,153.09,2000,2000,female,Line,17,48
Rainbow_Beach,-25.930,153.09,2000,2000,female,Line,17,60
Rainbow_Beach,-25.930,153.09,2000,2000,female,Line,17,48
Rainbow_Beach,-25.930,153.09,2000,2000,male,Line,1,36
Rainbow_Beach,-25.930,153.09,2000,2000,male,Line,1,42
Rainbow_Beach,-25.930,153.09,2000,2000,male,Line,1,30
Rainbow_Beach,-25.930,153.09,2000,2000,male,Line,1,36
Rainbow_Beach,-25.930,153.09,2000,2000,male,Line,3,42
Rainbow_Beach,-25.930,153.09,2000,2000,male,Line,3,48
Rainbow_Beach,-25.930,153.09,2000,2000,male,Line,3,48
Rainbow_Beach,-25.930,153.09,2000,2000,male,Line,3,30
Rainbow_Beach,-25.930,153.09,2000,2000,male,Line,6,48
Rainbow_Beach,-25.930,153.09,2000,2000,male,Line,6,48
Rainbow_Beach,-25.930,153.09,2000,2000,male,Line,6,36
Rainbow_Beach,-25.930,153.09,2000,2000,male,Line,6,42
Rainbow_Beach,-25.930,153.09,2000,2000,male,Line,13,36
Rainbow_Beach,-25.930,153.09,2000,2000,male,Line,13,54
Rainbow_Beach,-25.930,153.09,2000,2000,male,Line,13,42
Rainbow_Beach,-25.930,153.09,2000,2000,male,Line,13,48
Rainbow_Beach,-25.930,153.09,2000,2000,male,Line,15,48
Rainbow_Beach,-25.930,153.09,2000,2000,male,Line,15,54
Rainbow_Beach,-25.930,153.09,2000,2000,male,Line,15,60
Rainbow_Beach,-25.930,153.09,2000,2000,male,Line,15,48
Rainbow_Beach,-25.930,153.09,2000,2000,male,Line,17,42
Rainbow_Beach,-25.930,153.09,2000,2000,male,Line,17,54
Rainbow_Beach,-25.930,153.09,2000,2000,male,Line,17,60
Rainbow_Beach,-25.930,153.09,2000,2000,male,Line,17,42
Redland_Bay,-27.600,153.30,2000,2000,female,Cross,31,48
Redland_Bay,-27.600,153.30,2000,2000,female,Cross,31,36
Redland_Bay,-27.600,153.30,2000,2000,female,Cross,31,48
Redland_Bay,-27.600,153.30,2000,2000,female,Cross,31,42
Redland_Bay,-27.600,153.30,2000,2000,female,Cross,33,36
Redland_Bay,-27.600,153.30,2000,2000,female,Cross,33,60
Redland_Bay,-27.600,153.30,2000,2000,female,Cross,33,48
Redland_Bay,-27.600,153.30,2000,2000,female,Cross,33,54
Redland_Bay,-27.600,153.30,2000,2000,female,Cross,35,48
Redland_Bay,-27.600,153.30,2000,2000,female,Cross,35,72
Redland_Bay,-27.600,153.30,2000,2000,female,Cross,35,68
Redland_Bay,-27.600,153.30,2000,2000,female,Cross,35,60
Redland_Bay,-27.600,153.30,2000,2000,male,Cross,31,54
Redland_Bay,-27.600,153.30,2000,2000,male,Cross,31,36
Redland_Bay,-27.600,153.30,2000,2000,male,Cross,31,54
Redland_Bay,-27.600,153.30,2000,2000,male,Cross,31,48
Redland_Bay,-27.600,153.30,2000,2000,male,Cross,33,54
Redland_Bay,-27.600,153.30,2000,2000,male,Cross,33,54
Redland_Bay,-27.600,153.30,2000,2000,male,Cross,33,72
Redland_Bay,-27.600,153.30,2000,2000,male,Cross,33,54
Redland_Bay,-27.600,153.30,2000,2000,male,Cross,35,54
Redland_Bay,-27.600,153.30,2000,2000,male,Cross,35,54
Redland_Bay,-27.600,153.30,2000,2000,male,Cross,35,54
Redland_Bay,-27.600,153.30,2000,2000,male,Cross,35,48
Redland_Bay,-27.600,153.30,2000,2000,male,Cross,35,36
Redland_Bay,-27.600,153.30,2000,2000,male,Cross,35,42
Redland_Bay,-27.600,153.30,2000,2000,male,Cross,35,42
Redland_Bay,-27.600,153.30,2000,2000,male,Cross,35,42
Redland_Bay,-27.600,153.30,2000,2000,female,Line,10,48
Redland_Bay,-27.600,153.30,2000,2000,female,Line,10,36
Redland_Bay,-27.600,153.30,2000,2000,female,Line,10,42
Redland_Bay,-27.600,153.30,2000,2000,female,Line,10,36
Redland_Bay,-27.600,153.30,2000,2000,female,Line,11,36
Redland_Bay,-27.600,153.30,2000,2000,female,Line,11,54
Redland_Bay,-27.600,153.30,2000,2000,female,Line,11,60
Redland_Bay,-27.600,153.30,2000,2000,female,Line,11,42
Redland_Bay,-27.600,153.30,2000,2000,male,Line,10,54
Redland_Bay,-27.600,153.30,2000,2000,male,Line,10,48
Redland_Bay,-27.600,153.30,2000,2000,male,Line,10,54
Redland_Bay,-27.600,153.30,2000,2000,male,Line,10,54
Redland_Bay,-27.600,153.30,2000,2000,male,Line,11,48
Redland_Bay,-27.600,153.30,2000,2000,male,Line,11,36
Redland_Bay,-27.600,153.30,2000,2000,male,Line,11,48
Redland_Bay,-27.600,153.30,2000,2000,male,Line,11,54
Kingscliff,-28.283,153.58,2000,2000,female,Cross,32,60
Kingscliff,-28.283,153.58,2000,2000,female,Cross,32,42
Kingscliff,-28.283,153.58,2000,2000,female,Cross,32,48
Kingscliff,-28.283,153.58,2000,2000,female,Cross,32,36
Kingscliff,-28.283,153.58,2000,2000,female,Cross,34,36
Kingscliff,-28.283,153.58,2000,2000,female,Cross,34,60
Kingscliff,-28.283,153.58,2000,2000,female,Cross,34,48
Kingscliff,-28.283,153.58,2000,2000,female,Cross,34,54
Kingscliff,-28.283,153.58,2000,2000,female,Cross,36,48
Kingscliff,-28.283,153.58,2000,2000,female,Cross,36,54
Kingscliff,-28.283,153.58,2000,2000,female,Cross,36,48
Kingscliff,-28.283,153.58,2000,2000,female,Cross,36,60
Kingscliff,-28.283,153.58,2000,2000,male,Cross,32,42
Kingscliff,-28.283,153.58,2000,2000,male,Cross,32,36
Kingscliff,-28.283,153.58,2000,2000,male,Cross,32,30
Kingscliff,-28.283,153.58,2000,2000,male,Cross,32,48
Kingscliff,-28.283,153.58,2000,2000,male,Cross,36,
Kingscliff,-28.283,153.58,2000,2000,male,Cross,36,54
Kingscliff,-28.283,153.58,2000,2000,male,Cross,36,48
Kingscliff,-28.283,153.58,2000,2000,male,Cross,36,30
Kingscliff,-28.283,153.58,2000,2000,female,Line,5,54
Kingscliff,-28.283,153.58,2000,2000,female,Line,5,54
Kingscliff,-28.283,153.58,2000,2000,female,Line,5,54
Kingscliff,-28.283,153.58,2000,2000,female,Line,5,68
Kingscliff,-28.283,153.58,2000,2000,female,Line,12,36
Kingscliff,-28.283,153.58,2000,2000,female,Line,12,54
Kingscliff,-28.283,153.58,2000,2000,female,Line,12,
Kingscliff,-28.283,153.58,2000,2000,female,Line,12,60
Kingscliff,-28.283,153.58,2000,2000,male,Line,5,42
Kingscliff,-28.283,153.58,2000,2000,male,Line,5,42
Kingscliff,-28.283,153.58,2000,2000,male,Line,5,48
Kingscliff,-28.283,153.58,2000,2000,male,Line,5,
Kingscliff,-28.283,153.58,2000,2000,male,Line,12,
Kingscliff,-28.283,153.58,2000,2000,male,Line,12,54
Kingscliff,-28.283,153.58,2000,2000,male,Line,12,48
Kingscliff,-28.283,153.58,2000,2000,male,Line,12,54
Alstonville,-28.850,153.46,2000,2000,female,Cross,10,42
Alstonville,-28.850,153.46,2000,2000,female,Cross,10,36
Alstonville,-28.850,153.46,2000,2000,female,Cross,10,60
Alstonville,-28.850,153.46,2000,2000,female,Cross,10,48
Alstonville,-28.850,153.46,2000,2000,female,Cross,12,42
Alstonville,-28.850,153.46,2000,2000,female,Cross,12,54
Alstonville,-28.850,153.46,2000,2000,female,Cross,12,36
Alstonville,-28.850,153.46,2000,2000,female,Cross,12,48
Alstonville,-28.850,153.46,2000,2000,female,Cross,55,36
Alstonville,-28.850,153.46,2000,2000,female,Cross,55,36
Alstonville,-28.850,153.46,2000,2000,female,Cross,55,36
Alstonville,-28.850,153.46,2000,2000,female,Cross,55,54
Alstonville,-28.850,153.46,2000,2000,female,Cross,57,30
Alstonville,-28.850,153.46,2000,2000,female,Cross,57,36
Alstonville,-28.850,153.46,2000,2000,female,Cross,57,42
Alstonville,-28.850,153.46,2000,2000,female,Cross,57,42
Alstonville,-28.850,153.46,2000,2000,female,Cross,59,42
Alstonville,-28.850,153.46,2000,2000,female,Cross,59,48
Alstonville,-28.850,153.46,2000,2000,female,Cross,59,48
Alstonville,-28.850,153.46,2000,2000,female,Cross,59,48
Alstonville,-28.850,153.46,2000,2000,male,Cross,10,48
Alstonville,-28.850,153.46,2000,2000,male,Cross,10,48
Alstonville,-28.850,153.46,2000,2000,male,Cross,10,42
Alstonville,-28.850,153.46,2000,2000,male,Cross,10,42
Alstonville,-28.850,153.46,2000,2000,male,Cross,12,30
Alstonville,-28.850,153.46,2000,2000,male,Cross,12,42
Alstonville,-28.850,153.46,2000,2000,male,Cross,12,42
Alstonville,-28.850,153.46,2000,2000,male,Cross,12,48
Alstonville,-28.850,153.46,2000,2000,male,Cross,55,42
Alstonville,-28.850,153.46,2000,2000,male,Cross,55,42
Alstonville,-28.850,153.46,2000,2000,male,Cross,55,42
Alstonville,-28.850,153.46,2000,2000,male,Cross,55,36
Alstonville,-28.850,153.46,2000,2000,male,Cross,57,42
Alstonville,-28.850,153.46,2000,2000,male,Cross,57,48
Alstonville,-28.850,153.46,2000,2000,male,Cross,57,42
Alstonville,-28.850,153.46,2000,2000,male,Cross,57,42
Alstonville,-28.850,153.46,2000,2000,male,Cross,59,36
Alstonville,-28.850,153.46,2000,2000,male,Cross,59,60
Alstonville,-28.850,153.46,2000,2000,male,Cross,59,30
Alstonville,-28.850,153.46,2000,2000,male,Cross,59,30
Alstonville,-28.850,153.46,2000,2000,female,Line,1,68
Alstonville,-28.850,153.46,2000,2000,female,Line,1,54
Alstonville,-28.850,153.46,2000,2000,female,Line,1,42
Alstonville,-28.850,153.46,2000,2000,female,Line,1,54
Alstonville,-28.850,153.46,2000,2000,female,Line,2,54
Alstonville,-28.850,153.46,2000,2000,female,Line,2,60
Alstonville,-28.850,153.46,2000,2000,female,Line,2,48
Alstonville,-28.850,153.46,2000,2000,female,Line,2,72
Alstonville,-28.850,153.46,2000,2000,female,Line,3,48
Alstonville,-28.850,153.46,2000,2000,female,Line,3,30
Alstonville,-28.850,153.46,2000,2000,female,Line,3,60
Alstonville,-28.850,153.46,2000,2000,female,Line,3,42
Alstonville,-28.850,153.46,2000,2000,female,Line,4,60
Alstonville,-28.850,153.46,2000,2000,female,Line,4,72
Alstonville,-28.850,153.46,2000,2000,female,Line,4,72
Alstonville,-28.850,153.46,2000,2000,female,Line,4,54
Alstonville,-28.850,153.46,2000,2000,female,Line,6,42
Alstonville,-28.850,153.46,2000,2000,female,Line,6,42
Alstonville,-28.850,153.46,2000,2000,female,Line,6,30
Alstonville,-28.850,153.46,2000,2000,female,Line,6,36
Alstonville,-28.850,153.46,2000,2000,female,Line,8,42
Alstonville,-28.850,153.46,2000,2000,female,Line,8,36
Alstonville,-28.850,153.46,2000,2000,female,Line,8,48
Alstonville,-28.850,153.46,2000,2000,female,Line,8,48
Alstonville,-28.850,153.46,2000,2000,male,Line,2,48
Alstonville,-28.850,153.46,2000,2000,male,Line,2,42
Alstonville,-28.850,153.46,2000,2000,male,Line,2,54
Alstonville,-28.850,153.46,2000,2000,male,Line,2,54
Alstonville,-28.850,153.46,2000,2000,male,Line,3,54
Alstonville,-28.850,153.46,2000,2000,male,Line,3,42
Alstonville,-28.850,153.46,2000,2000,male,Line,3,42
Alstonville,-28.850,153.46,2000,2000,male,Line,3,42
Alstonville,-28.850,153.46,2000,2000,male,Line,4,42
Alstonville,-28.850,153.46,2000,2000,male,Line,4,36
Alstonville,-28.850,153.46,2000,2000,male,Line,4,54
Alstonville,-28.850,153.46,2000,2000,male,Line,4,48
Alstonville,-28.850,153.46,2000,2000,male,Line,6,60
Alstonville,-28.850,153.46,2000,2000,male,Line,6,42
Alstonville,-28.850,153.46,2000,2000,male,Line,6,48
Alstonville,-28.850,153.46,2000,2000,male,Line,6,42
Alstonville,-28.850,153.46,2000,2000,male,Line,8,42
Alstonville,-28.850,153.46,2000,2000,male,Line,8,30
Alstonville,-28.850,153.46,2000,2000,male,Line,8,36
Alstonville,-28.850,153.46,2000,2000,male,Line,8,48
Coffs_Harbour,-30.270,153.12,2000,2000,female,Cross,1,24
Coffs_Harbour,-30.270,153.12,2000,2000,female,Cross,1,30
Coffs_Harbour,-30.270,153.12,2000,2000,female,Cross,1,48
Coffs_Harbour,-30.270,153.12,2000,2000,female,Cross,1,68
Coffs_Harbour,-30.270,153.12,2000,2000,female,Cross,3,60
Coffs_Harbour,-30.270,153.12,2000,2000,female,Cross,3,72
Coffs_Harbour,-30.270,153.12,2000,2000,female,Cross,3,48
Coffs_Harbour,-30.270,153.12,2000,2000,female,Cross,3,36
Coffs_Harbour,-30.270,153.12,2000,2000,female,Cross,5,30
Coffs_Harbour,-30.270,153.12,2000,2000,female,Cross,5,36
Coffs_Harbour,-30.270,153.12,2000,2000,female,Cross,5,42
Coffs_Harbour,-30.270,153.12,2000,2000,female,Cross,5,42
Coffs_Harbour,-30.270,153.12,2000,2000,male,Cross,1,42
Coffs_Harbour,-30.270,153.12,2000,2000,male,Cross,1,24
Coffs_Harbour,-30.270,153.12,2000,2000,male,Cross,1,30
Coffs_Harbour,-30.270,153.12,2000,2000,male,Cross,1,30
Coffs_Harbour,-30.270,153.12,2000,2000,male,Cross,3,36
Coffs_Harbour,-30.270,153.12,2000,2000,male,Cross,3,36
Coffs_Harbour,-30.270,153.12,2000,2000,male,Cross,3,42
Coffs_Harbour,-30.270,153.12,2000,2000,male,Cross,3,42
Coffs_Harbour,-30.270,153.12,2000,2000,female,Line,4,30
Coffs_Harbour,-30.270,153.12,2000,2000,female,Line,4,42
Coffs_Harbour,-30.270,153.12,2000,2000,female,Line,4,42
Coffs_Harbour,-30.270,153.12,2000,2000,female,Line,4,42
Coffs_Harbour,-30.270,153.12,2000,2000,female,Line,5,60
Coffs_Harbour,-30.270,153.12,2000,2000,female,Line,5,72
Coffs_Harbour,-30.270,153.12,2000,2000,female,Line,5,72
Coffs_Harbour,-30.270,153.12,2000,2000,female,Line,5,54
Coffs_Harbour,-30.270,153.12,2000,2000,female,Line,14,54
Coffs_Harbour,-30.270,153.12,2000,2000,female,Line,14,42
Coffs_Harbour,-30.270,153.12,2000,2000,male,Line,4,42
Coffs_Harbour,-30.270,153.12,2000,2000,male,Line,4,42
Coffs_Harbour,-30.270,153.12,2000,2000,male,Line,4,36
Coffs_Harbour,-30.270,153.12,2000,2000,male,Line,4,36
Coffs_Harbour,-30.270,153.12,2000,2000,male,Line,5,48
Coffs_Harbour,-30.270,153.12,2000,2000,male,Line,5,36
Coffs_Harbour,-30.270,153.12,2000,2000,male,Line,5,68
Coffs_Harbour,-30.270,153.12,2000,2000,male,Line,5,48
Coffs_Harbour,-30.270,153.12,2000,2000,male,Line,14,42
Gosford,-33.367,151.33,2000,2000,female,Cross,14,36
Gosford,-33.367,151.33,2000,2000,female,Cross,14,30
Gosford,-33.367,151.33,2000,2000,female,Cross,14,42
Gosford,-33.367,151.33,2000,2000,female,Cross,14,36
Gosford,-33.367,151.33,2000,2000,female,Cross,18,42
Gosford,-33.367,151.33,2000,2000,female,Cross,18,18
Gosford,-33.367,151.33,2000,2000,female,Cross,18,36
Gosford,-33.367,151.33,2000,2000,female,Cross,18,54
Gosford,-33.367,151.33,2000,2000,male,Cross,14,42
Gosford,-33.367,151.33,2000,2000,male,Cross,14,42
Gosford,-33.367,151.33,2000,2000,male,Cross,14,42
Gosford,-33.367,151.33,2000,2000,male,Cross,14,
Gosford,-33.367,151.33,2000,2000,male,Cross,16,48
Gosford,-33.367,151.33,2000,2000,male,Cross,16,60
Gosford,-33.367,151.33,2000,2000,male,Cross,16,42
Gosford,-33.367,151.33,2000,2000,male,Cross,16,42
Gosford,-33.367,151.33,2000,2000,male,Cross,16,36
Gosford,-33.367,151.33,2000,2000,male,Cross,16,42
Gosford,-33.367,151.33,2000,2000,male,Cross,16,42
Gosford,-33.367,151.33,2000,2000,male,Cross,16,60
Gosford,-33.367,151.33,2000,2000,male,Cross,18,30
Gosford,-33.367,151.33,2000,2000,male,Cross,18,36
Gosford,-33.367,151.33,2000,2000,male,Cross,18,36
Gosford,-33.367,151.33,2000,2000,male,Cross,18,36
Gosford,-33.367,151.33,2000,2000,female,Line,1,48
Gosford,-33.367,151.33,2000,2000,female,Line,1,60
Gosford,-33.367,151.33,2000,2000,female,Line,1,48
Gosford,-33.367,151.33,2000,2000,female,Line,1,68
Gosford,-33.367,151.33,2000,2000,female,Line,2,36
Gosford,-33.367,151.33,2000,2000,female,Line,2,48
Gosford,-33.367,151.33,2000,2000,female,Line,2,42
Gosford,-33.367,151.33,2000,2000,female,Line,2,30
Gosford,-33.367,151.33,2000,2000,female,Line,9,42
Gosford,-33.367,151.33,2000,2000,female,Line,9,48
Gosford,-33.367,151.33,2000,2000,female,Line,9,54
Gosford,-33.367,151.33,2000,2000,female,Line,9,42
Gosford,-33.367,151.33,2000,2000,male,Line,1,36
Gosford,-33.367,151.33,2000,2000,male,Line,1,30
Gosford,-33.367,151.33,2000,2000,male,Line,1,42
Gosford,-33.367,151.33,2000,2000,male,Line,1,42
Gosford,-33.367,151.33,2000,2000,male,Line,2,48
Gosford,-33.367,151.33,2000,2000,male,Line,2,36
Gosford,-33.367,151.33,2000,2000,male,Line,2,24
Gosford,-33.367,151.33,2000,2000,male,Line,2,36
Gosford,-33.367,151.33,2000,2000,male,Line,9,54
Gosford,-33.367,151.33,2000,2000,male,Line,9,68
Gosford,-33.367,151.33,2000,2000,male,Line,9,54
Gosford,-33.367,151.33,2000,2000,male,Line,9,42
Bega,-36.470,150.03,2000,2000,female,Cross,7,24
Bega,-36.470,150.03,2000,2000,female,Cross,7,30
Bega,-36.470,150.03,2000,2000,female,Cross,7,36
Bega,-36.470,150.03,2000,2000,female,Cross,7,42
Bega,-36.470,150.03,2000,2000,female,Cross,9,54
Bega,-36.470,150.03,2000,2000,female,Cross,9,42
Bega,-36.470,150.03,2000,2000,female,Cross,9,48
Bega,-36.470,150.03,2000,2000,female,Cross,9,30
Bega,-36.470,150.03,2000,2000,female,Cross,11,42
Bega,-36.470,150.03,2000,2000,female,Cross,11,48
Bega,-36.470,150.03,2000,2000,female,Cross,11,54
Bega,-36.470,150.03,2000,2000,female,Cross,11,60
Bega,-36.470,150.03,2000,2000,male,Cross,7,42
Bega,-36.470,150.03,2000,2000,male,Cross,7,36
Bega,-36.470,150.03,2000,2000,male,Cross,7,42
Bega,-36.470,150.03,2000,2000,male,Cross,7,48
Bega,-36.470,150.03,2000,2000,male,Cross,9,36
Bega,-36.470,150.03,2000,2000,male,Cross,9,
Bega,-36.470,150.03,2000,2000,male,Cross,9,36
Bega,-36.470,150.03,2000,2000,male,Cross,9,48
Bega,-36.470,150.03,2000,2000,male,Cross,11,42
Bega,-36.470,150.03,2000,2000,male,Cross,11,42
Bega,-36.470,150.03,2000,2000,male,Cross,11,
Bega,-36.470,150.03,2000,2000,male,Cross,11,42
Bega,-36.470,150.03,2000,2000,female,Line,2,24
Bega,-36.470,150.03,2000,2000,female,Line,2,30
Bega,-36.470,150.03,2000,2000,female,Line,2,42
Bega,-36.470,150.03,2000,2000,female,Line,2,42
Bega,-36.470,150.03,2000,2000,female,Line,7,42
Bega,-36.470,150.03,2000,2000,female,Line,7,48
Bega,-36.470,150.03,2000,2000,female,Line,7,54
Bega,-36.470,150.03,2000,2000,female,Line,7,42
Bega,-36.470,150.03,2000,2000,female,Line,15,36
Bega,-36.470,150.03,2000,2000,female,Line,15,24
Bega,-36.470,150.03,2000,2000,female,Line,15,48
Bega,-36.470,150.03,2000,2000,female,Line,15,54
Bega,-36.470,150.03,2000,2000,male,Line,2,42
Bega,-36.470,150.03,2000,2000,male,Line,2,42
Bega,-36.470,150.03,2000,2000,male,Line,2,54
Bega,-36.470,150.03,2000,2000,male,Line,2,42
Bega,-36.470,150.03,2000,2000,male,Line,7,36
Bega,-36.470,150.03,2000,2000,male,Line,7,42
Bega,-36.470,150.03,2000,2000,male,Line,7,30
Bega,-36.470,150.03,2000,2000,male,Line,7,36
Bega,-36.470,150.03,2000,2000,male,Line,15,30
Bega,-36.470,150.03,2000,2000,male,Line,15,36
Bega,-36.470,150.03,2000,2000,male,Line,15,36
Bega,-36.470,150.03,2000,2000,male,Line,15,24
Melbourne,-37.750,144.8,2000,2000,female,Line,2,54
Melbourne,-37.750,144.8,2000,2000,female,Line,2,42
Melbourne,-37.750,144.8,2000,2000,female,Line,2,60
Melbourne,-37.750,144.8,2000,2000,female,Line,2,54
Melbourne,-37.750,144.8,2000,2000,female,Line,3,42
Melbourne,-37.750,144.8,2000,2000,female,Line,3,60
Melbourne,-37.750,144.8,2000,2000,female,Line,3,48
Melbourne,-37.750,144.8,2000,2000,female,Line,3,42
Melbourne,-37.750,144.8,2000,2000,female,Line,4,42
Melbourne,-37.750,144.8,2000,2000,female,Line,4,48
Melbourne,-37.750,144.8,2000,2000,female,Line,4,42
Melbourne,-37.750,144.8,2000,2000,female,Line,4,48
Melbourne,-37.750,144.8,2000,2000,female,Line,6,48
Melbourne,-37.750,144.8,2000,2000,female,Line,6,54
Melbourne,-37.750,144.8,2000,2000,female,Line,6,42
Melbourne,-37.750,144.8,2000,2000,female,Line,6,36
Melbourne,-37.750,144.8,2000,2000,female,Line,40,30
Melbourne,-37.750,144.8,2000,2000,female,Line,40,36
Melbourne,-37.750,144.8,2000,2000,female,Line,40,30
Melbourne,-37.750,144.8,2000,2000,female,Line,40,36
Melbourne,-37.750,144.8,2000,2000,female,Line,42,42
Melbourne,-37.750,144.8,2000,2000,female,Line,42,48
Melbourne,-37.750,144.8,2000,2000,female,Line,42,54
Melbourne,-37.750,144.8,2000,2000,male,Line,3,36
Melbourne,-37.750,144.8,2000,2000,male,Line,3,30
Melbourne,-37.750,144.8,2000,2000,male,Line,3,36
Melbourne,-37.750,144.8,2000,2000,male,Line,3,36
Melbourne,-37.750,144.8,2000,2000,male,Line,4,42
Melbourne,-37.750,144.8,2000,2000,male,Line,4,36
Melbourne,-37.750,144.8,2000,2000,male,Line,4,42
Melbourne,-37.750,144.8,2000,2000,male,Line,4,48
Melbourne,-37.750,144.8,2000,2000,male,Line,6,48
Melbourne,-37.750,144.8,2000,2000,male,Line,6,48
Melbourne,-37.750,144.8,2000,2000,male,Line,6,48
Melbourne,-37.750,144.8,2000,2000,male,Line,6,42
Melbourne,-37.750,144.8,2000,2000,male,Line,40,30
Melbourne,-37.750,144.8,2000,2000,male,Line,40,36
Melbourne,-37.750,144.8,2000,2000,male,Line,40,42
Melbourne,-37.750,144.8,2000,2000,male,Line,40,42
Melbourne,-37.750,144.8,2000,2000,male,Line,42,36
Melbourne,-37.750,144.8,2000,2000,male,Line,42,48
Melbourne,-37.750,144.8,2000,2000,male,Line,42,42
Melbourne,-37.750,144.8,2000,2000,male,Line,42,36
North_Tasmania,-41.150,147.03,2000,2000,female,Line,1,36
North_Tasmania,-41.150,147.03,2000,2000,female,Line,1,36
North_Tasmania,-41.150,147.03,2000,2000,female,Line,1,60
North_Tasmania,-41.150,147.03,2000,2000,female,Line,1,42
North_Tasmania,-41.150,147.03,2000,2000,female,Line,3,60
North_Tasmania,-41.150,147.03,2000,2000,female,Line,3,48
North_Tasmania,-41.150,147.03,2000,2000,female,Line,3,42
North_Tasmania,-41.150,147.03,2000,2000,female,Line,3,72
North_Tasmania,-41.150,147.03,2000,2000,female,Line,6,30
North_Tasmania,-41.150,147.03,2000,2000,female,Line,6,36
North_Tasmania,-41.150,147.03,2000,2000,female,Line,6,30
North_Tasmania,-41.150,147.03,2000,2000,female,Line,6,42
North_Tasmania,-41.150,147.03,2000,2000,female,Line,37,54
North_Tasmania,-41.150,147.03,2000,2000,female,Line,37,54
North_Tasmania,-41.150,147.03,2000,2000,female,Line,37,36
North_Tasmania,-41.150,147.03,2000,2000,female,Line,37,36
North_Tasmania,-41.150,147.03,2000,2000,female,Line,41,36
North_Tasmania,-41.150,147.03,2000,2000,female,Line,41,42
North_Tasmania,-41.150,147.03,2000,2000,female,Line,41,42
North_Tasmania,-41.150,147.03,2000,2000,female,Line,41,48
North_Tasmania,-41.150,147.03,2000,2000,male,Line,1,54
North_Tasmania,-41.150,147.03,2000,2000,male,Line,1,54
North_Tasmania,-41.150,147.03,2000,2000,male,Line,1,60
North_Tasmania,-41.150,147.03,2000,2000,male,Line,1,60
North_Tasmania,-41.150,147.03,2000,2000,male,Line,3,68
North_Tasmania,-41.150,147.03,2000,2000,male,Line,3,68
North_Tasmania,-41.150,147.03,2000,2000,male,Line,3,60
North_Tasmania,-41.150,147.03,2000,2000,male,Line,3,72
North_Tasmania,-41.150,147.03,2000,2000,male,Line,6,42
North_Tasmania,-41.150,147.03,2000,2000,male,Line,6,42
North_Tasmania,-41.150,147.03,2000,2000,male,Line,6,42
North_Tasmania,-41.150,147.03,2000,2000,male,Line,6,42
North_Tasmania,-41.150,147.03,2000,2000,male,Line,37,42
North_Tasmania,-41.150,147.03,2000,2000,male,Line,37,54
North_Tasmania,-41.150,147.03,2000,2000,male,Line,37,54
North_Tasmania,-41.150,147.03,2000,2000,male,Line,37,48
North_Tasmania,-41.150,147.03,2000,2000,male,Line,39,60
North_Tasmania,-41.150,147.03,2000,2000,male,Line,39,42
North_Tasmania,-41.150,147.03,2000,2000,male,Line,39,48
North_Tasmania,-41.150,147.03,2000,2000,male,Line,39,42
North_Tasmania,-41.150,147.03,2000,2000,male,Line,41,54
North_Tasmania,-41.150,147.03,2000,2000,male,Line,41,60
North_Tasmania,-41.150,147.03,2000,2000,male,Line,41,60
North_Tasmania,-41.150,147.03,2000,2000,male,Line,41,48
North_Tasmania,-41.150,147.03,2000,2000,male,Line,41,54
North_Tasmania,-41.150,147.03,2000,2000,male,Line,41,60
North_Tasmania,-41.150,147.03,2000,2000,male,Line,41,42
North_Tasmania,-41.150,147.03,2000,2000,male,Line,41,54
Huonville,-43.020,147.056,2000,2000,female,Cross,49,30
Huonville,-43.020,147.056,2000,2000,female,Cross,49,42
Huonville,-43.020,147.056,2000,2000,female,Cross,49,36
Huonville,-43.020,147.056,2000,2000,female,Cross,49,42
Huonville,-43.020,147.056,2000,2000,female,Cross,51,42
Huonville,-43.020,147.056,2000,2000,female,Cross,51,48
Huonville,-43.020,147.056,2000,2000,female,Cross,51,60
Huonville,-43.020,147.056,2000,2000,female,Cross,51,54
Huonville,-43.020,147.056,2000,2000,female,Cross,53,36
Huonville,-43.020,147.056,2000,2000,female,Cross,53,48
Huonville,-43.020,147.056,2000,2000,female,Cross,53,42
Huonville,-43.020,147.056,2000,2000,female,Cross,53,42
Huonville,-43.020,147.056,2000,2000,male,Cross,49,48
Huonville,-43.020,147.056,2000,2000,male,Cross,49,36
Huonville,-43.020,147.056,2000,2000,male,Cross,49,36
Huonville,-43.020,147.056,2000,2000,male,Cross,49,42
Huonville,-43.020,147.056,2000,2000,male,Cross,51,54
Huonville,-43.020,147.056,2000,2000,male,Cross,51,42
Huonville,-43.020,147.056,2000,2000,male,Cross,51,42
Huonville,-43.020,147.056,2000,2000,male,Cross,51,42
Huonville,-43.020,147.056,2000,2000,male,Cross,53,
Huonville,-43.020,147.056,2000,2000,male,Cross,53,54
Huonville,-43.020,147.056,2000,2000,male,Cross,53,48
Huonville,-43.020,147.056,2000,2000,male,Cross,53,48
Huonville,-43.020,147.056,2000,2000,female,Line,5,30
Huonville,-43.020,147.056,2000,2000,female,Line,5,36
Huonville,-43.020,147.056,2000,2000,female,Line,5,30
Huonville,-43.020,147.056,2000,2000,female,Line,5,30
Huonville,-43.020,147.056,2000,2000,female,Line,6,36
Huonville,-43.020,147.056,2000,2000,female,Line,6,48
Huonville,-43.020,147.056,2000,2000,female,Line,6,60
Huonville,-43.020,147.056,2000,2000,female,Line,6,36
Huonville,-43.020,147.056,2000,2000,female,Line,10,42
Huonville,-43.020,147.056,2000,2000,female,Line,10,54
Huonville,-43.020,147.056,2000,2000,female,Line,10,42
Huonville,-43.020,147.056,2000,2000,female,Line,10,30
Huonville,-43.020,147.056,2000,2000,male,Line,5,36
Huonville,-43.020,147.056,2000,2000,male,Line,5,42
Huonville,-43.020,147.056,2000,2000,male,Line,5,36
Huonville,-43.020,147.056,2000,2000,male,Line,5,42
Huonville,-43.020,147.056,2000,2000,male,Line,6,54
Huonville,-43.020,147.056,2000,2000,male,Line,6,42
Huonville,-43.020,147.056,2000,2000,male,Line,6,36
Huonville,-43.020,147.056,2000,2000,male,Line,6,48
Huonville,-43.020,147.056,2000,2000,male,Line,10,54
Huonville,-43.020,147.056,2000,2000,male,Line,10,68
Huonville,-43.020,147.056,2000,2000,male,Line,10,36
Huonville,-43.020,147.056,2000,2000,male,Line,10,48
