Species,Population,Latitude,Longitude,Year_start,Year_end,Fly_number,Sex,Wing_area,Wing_shape,Wing_vein_ratio,Asymmetry_wing_area,Asymmetry_wing_shape,Asymmetry_wing_vein_ratio
D._aldrichi,Binjour,-25.52,151.45,1994,1994,0,female,0.900,2.244,2.618,0.023,0.033,0.162
D._aldrichi,Binjour,-25.52,151.45,1994,1994,1,female,0.953,2.237,2.428,0.016,0.030,0.092
D._aldrichi,Binjour,-25.52,151.45,1994,1994,2,female,0.952,2.224,2.563,0.042,0.080,0.060
D._aldrichi,Binjour,-25.52,151.45,1994,1994,3,female,0.773,2.304,2.722,0.029,0.132,0.036
D._aldrichi,Binjour,-25.52,151.45,1994,1994,4,female,1.055,2.173,2.560,0.011,0.000,0.149
D._aldrichi,Binjour,-25.52,151.45,1994,1994,5,female,0.822,,,,,
D._aldrichi,Binjour,-25.52,151.45,1994,1994,6,female,0.916,2.129,2.480,0.023,0.061,0.111
D._aldrichi,Binjour,-25.52,151.45,1994,1994,7,female,0.903,2.279,2.609,0.008,0.047,0.278
D._aldrichi,Binjour,-25.52,151.45,1994,1994,8,female,0.883,2.258,2.355,0.016,0.005,0.053
D._aldrichi,Binjour,-25.52,151.45,1994,1994,9,female,0.753,2.172,3.023,0.013,0.002,0.192
D._aldrichi,Binjour,-25.52,151.45,1994,1994,10,female,0.826,,2.646,,,
D._aldrichi,Binjour,-25.52,151.45,1994,1994,11,female,0.747,2.277,2.748,0.050,0.062,0.117
D._aldrichi,Binjour,-25.52,151.45,1994,1994,12,female,0.781,2.219,2.433,0.015,0.021,0.064
D._aldrichi,Binjour,-25.52,151.45,1994,1994,13,female,0.730,2.322,,,,
D._aldrichi,Binjour,-25.52,151.45,1994,1994,14,female,0.907,2.259,2.582,,,
D._aldrichi,Binjour,-25.52,151.45,1994,1994,15,female,0.946,2.159,2.380,,,
D._aldrichi,Binjour,-25.52,151.45,1994,1994,16,female,0.822,2.207,2.779,0.017,0.014,0.059
D._aldrichi,Binjour,-25.52,151.45,1994,1994,17,female,0.780,2.296,2.656,0.023,0.040,0.110
D._aldrichi,Binjour,-25.52,151.45,1994,1994,18,female,0.883,2.181,2.701,0.027,0.001,0.065
D._aldrichi,Binjour,-25.52,151.45,1994,1994,19,female,0.803,2.263,2.492,0.036,0.023,0.099
D._aldrichi,Binjour,-25.52,151.45,1994,1994,20,female,0.898,,2.543,,,0.025
D._aldrichi,Binjour,-25.52,151.45,1994,1994,21,female,0.724,2.240,2.393,0.029,0.098,0.141
D._aldrichi,Binjour,-25.52,151.45,1994,1994,22,female,1.037,2.178,2.556,0.014,0.015,0.117
D._aldrichi,Binjour,-25.52,151.45,1994,1994,23,female,0.888,2.244,2.610,0.007,0.008,0.043
D._aldrichi,Binjour,-25.52,151.45,1994,1994,24,female,1.003,2.345,2.576,0.012,0.008,0.115
D._aldrichi,Binjour,-25.52,151.45,1994,1994,25,female,0.947,2.243,2.708,0.016,0.021,0.030
D._aldrichi,Binjour,-25.52,151.45,1994,1994,26,female,0.782,2.355,2.110,,,
D._aldrichi,Binjour,-25.52,151.45,1994,1994,27,female,1.006,,,,,
D._aldrichi,Binjour,-25.52,151.45,1994,1994,28,female,0.684,2.270,2.695,0.009,0.000,0.111
D._aldrichi,Binjour,-25.52,151.45,1994,1994,29,female,0.846,2.219,2.669,0.005,0.093,0.127
D._aldrichi,Binjour,-25.52,151.45,1994,1994,30,female,0.790,,2.778,,,0.070
D._aldrichi,Binjour,-25.52,151.45,1994,1994,31,female,1.049,2.245,2.460,0.032,0.004,0.025
D._aldrichi,Binjour,-25.52,151.45,1994,1994,32,female,0.558,2.203,2.847,0.007,0.082,0.018
D._aldrichi,Binjour,-25.52,151.45,1994,1994,33,female,0.966,2.135,2.529,0.010,0.000,0.276
D._aldrichi,Binjour,-25.52,151.45,1994,1994,34,female,0.920,2.305,2.321,0.035,0.021,0.108
D._aldrichi,Binjour,-25.52,151.45,1994,1994,35,female,0.919,2.290,2.426,0.035,0.014,0.148
D._aldrichi,Binjour,-25.52,151.45,1994,1994,36,female,0.959,2.161,2.500,0.046,0.062,0.003
D._aldrichi,Binjour,-25.52,151.45,1994,1994,37,female,0.704,2.412,2.297,,,
D._aldrichi,Binjour,-25.52,151.45,1994,1994,38,female,1.008,2.258,2.525,0.022,0.021,0.002
D._aldrichi,Binjour,-25.52,151.45,1994,1994,39,female,0.938,2.144,2.559,0.009,0.026,0.193
D._aldrichi,Binjour,-25.52,151.45,1994,1994,40,female,0.839,2.268,2.701,0.004,0.067,0.104
D._aldrichi,Binjour,-25.52,151.45,1994,1994,41,female,0.945,2.209,2.840,,,
D._aldrichi,Binjour,-25.52,151.45,1994,1994,42,female,0.910,2.152,2.533,0.010,0.037,0.082
D._aldrichi,Binjour,-25.52,151.45,1994,1994,43,female,0.711,,2.600,,,0.066
D._aldrichi,Binjour,-25.52,151.45,1994,1994,44,female,0.950,2.111,2.176,0.007,0.023,0.042
D._aldrichi,Binjour,-25.52,151.45,1994,1994,45,female,0.979,2.194,2.278,0.019,0.062,0.075
D._aldrichi,Binjour,-25.52,151.45,1994,1994,46,female,0.793,2.339,2.677,0.010,0.012,0.015
D._aldrichi,Binjour,-25.52,151.45,1994,1994,47,female,0.761,,,,,
D._aldrichi,Binjour,-25.52,151.45,1994,1994,48,female,0.744,,2.667,,,
D._aldrichi,Binjour,-25.52,151.45,1994,1994,49,female,0.810,2.200,2.596,0.038,0.001,0.084
D._aldrichi,Binjour,-25.52,151.45,1994,1994,50,male,0.852,2.072,2.436,0.025,0.066,0.126
D._aldrichi,Binjour,-25.52,151.45,1994,1994,51,male,0.866,2.136,2.439,0.030,0.026,0.185
D._aldrichi,Binjour,-25.52,151.45,1994,1994,52,male,0.799,2.240,2.508,0.025,0.079,0.299
D._aldrichi,Binjour,-25.52,151.45,1994,1994,53,male,0.846,2.208,2.481,0.006,0.011,0.096
D._aldrichi,Binjour,-25.52,151.45,1994,1994,54,male,0.850,2.223,2.648,0.016,0.046,0.223
D._aldrichi,Binjour,-25.52,151.45,1994,1994,55,male,0.765,2.244,2.385,0.012,0.067,0.104
D._aldrichi,Binjour,-25.52,151.45,1994,1994,56,male,0.759,2.275,2.600,,,
D._aldrichi,Binjour,-25.52,151.45,1994,1994,57,male,0.741,2.146,2.562,0.034,0.066,0.159
D._aldrichi,Binjour,-25.52,151.45,1994,1994,58,male,0.753,2.187,2.403,0.034,0.056,0.260
D._aldrichi,Binjour,-25.52,151.45,1994,1994,59,male,0.642,2.210,2.808,0.031,0.047,0.019
D._aldrichi,Binjour,-25.52,151.45,1994,1994,60,male,0.773,2.109,2.627,0.029,0.069,0.029
D._aldrichi,Binjour,-25.52,151.45,1994,1994,61,male,0.821,2.188,2.590,0.010,0.023,0.066
D._aldrichi,Binjour,-25.52,151.45,1994,1994,62,male,0.584,2.294,2.835,0.011,0.040,0.020
D._aldrichi,Binjour,-25.52,151.45,1994,1994,63,male,0.883,2.177,2.513,0.007,0.037,0.110
D._aldrichi,Binjour,-25.52,151.45,1994,1994,64,male,0.801,2.195,2.564,0.021,0.001,0.262
D._aldrichi,Binjour,-25.52,151.45,1994,1994,65,male,0.632,2.237,2.601,0.006,0.049,0.075
D._aldrichi,Binjour,-25.52,151.45,1994,1994,66,male,0.873,2.126,2.663,0.014,0.025,0.023
D._aldrichi,Binjour,-25.52,151.45,1994,1994,67,male,0.747,2.203,2.532,0.001,0.033,0.077
D._aldrichi,Binjour,-25.52,151.45,1994,1994,68,male,0.760,2.194,2.682,0.006,0.013,0.053
D._aldrichi,Binjour,-25.52,151.45,1994,1994,69,male,0.889,2.192,2.486,0.025,0.027,0.035
D._aldrichi,Binjour,-25.52,151.45,1994,1994,70,male,0.812,2.305,2.668,0.013,0.043,0.023
D._aldrichi,Binjour,-25.52,151.45,1994,1994,71,male,0.915,2.205,2.502,0.002,0.004,0.044
D._aldrichi,Binjour,-25.52,151.45,1994,1994,72,male,0.810,2.265,,,,
D._aldrichi,Binjour,-25.52,151.45,1994,1994,73,male,0.671,2.275,2.564,0.016,0.030,0.227
D._aldrichi,Binjour,-25.52,151.45,1994,1994,74,male,0.801,2.211,2.426,0.052,0.032,0.058
D._aldrichi,Binjour,-25.52,151.45,1994,1994,75,male,0.774,2.319,2.566,0.005,0.004,0.030
D._aldrichi,Binjour,-25.52,151.45,1994,1994,76,male,0.672,2.253,2.474,0.025,0.018,0.193
D._aldrichi,Binjour,-25.52,151.45,1994,1994,77,male,0.859,2.173,3.022,0.018,0.037,0.061
D._aldrichi,Binjour,-25.52,151.45,1994,1994,78,male,0.543,2.283,2.648,0.015,0.055,0.131
D._aldrichi,Binjour,-25.52,151.45,1994,1994,79,male,0.809,2.308,2.526,0.003,0.108,0.075
D._aldrichi,Binjour,-25.52,151.45,1994,1994,80,male,0.693,2.254,2.724,,,
D._aldrichi,Binjour,-25.52,151.45,1994,1994,81,male,0.658,2.214,2.988,0.024,0.090,0.109
D._aldrichi,Binjour,-25.52,151.45,1994,1994,82,male,0.792,2.190,2.469,0.005,0.080,0.003
D._aldrichi,Binjour,-25.52,151.45,1994,1994,83,male,0.775,2.244,2.423,0.029,0.018,0.029
D._aldrichi,Binjour,-25.52,151.45,1994,1994,84,male,0.875,2.166,2.454,0.039,0.048,0.147
D._aldrichi,Binjour,-25.52,151.45,1994,1994,85,male,0.610,,2.788,,,0.071
D._aldrichi,Binjour,-25.52,151.45,1994,1994,86,male,0.749,2.103,2.588,0.008,0.033,0.117
D._aldrichi,Binjour,-25.52,151.45,1994,1994,87,male,0.705,2.214,2.584,,,
D._aldrichi,Binjour,-25.52,151.45,1994,1994,88,male,0.816,,2.574,,,0.150
D._aldrichi,Binjour,-25.52,151.45,1994,1994,89,male,0.906,2.257,2.562,0.025,0.022,0.190
D._aldrichi,Binjour,-25.52,151.45,1994,1994,90,male,0.879,2.236,2.654,,,
D._aldrichi,Binjour,-25.52,151.45,1994,1994,91,male,0.810,2.165,2.488,0.016,0.038,0.263
D._aldrichi,Binjour,-25.52,151.45,1994,1994,92,male,0.798,2.218,2.288,0.013,0.030,0.053
D._aldrichi,Binjour,-25.52,151.45,1994,1994,93,male,0.815,2.143,2.487,,,
D._aldrichi,Binjour,-25.52,151.45,1994,1994,94,male,0.789,2.228,2.617,0.027,0.035,0.116
D._aldrichi,Binjour,-25.52,151.45,1994,1994,95,male,0.740,2.188,2.624,0.017,0.120,0.117
D._aldrichi,Binjour,-25.52,151.45,1994,1994,96,male,0.675,2.232,2.617,0.019,0.013,0.015
D._aldrichi,Binjour,-25.52,151.45,1994,1994,97,male,0.801,2.212,2.393,0.034,0.021,0.041
D._aldrichi,Binjour,-25.52,151.45,1994,1994,98,male,0.747,2.217,2.685,0.016,0.017,0.055
D._aldrichi,Binjour,-25.52,151.45,1994,1994,99,male,0.774,2.058,2.557,0.001,0.055,0.042
D._aldrichi,Gogango_Creek,-23.77,150.17,1994,1994,0,male,0.772,2.145,2.900,0.013,0.081,0.395
D._aldrichi,Gogango_Creek,-23.77,150.17,1994,1994,1,male,0.774,2.141,2.371,0.014,0.001,0.003
D._aldrichi,Gogango_Creek,-23.77,150.17,1994,1994,2,male,0.713,2.181,2.538,0.007,0.047,0.130
D._aldrichi,Gogango_Creek,-23.77,150.17,1994,1994,3,male,0.584,2.266,2.534,0.023,0.075,0.124
D._aldrichi,Gogango_Creek,-23.77,150.17,1994,1994,4,male,0.649,2.229,2.496,0.021,0.021,0.142
D._aldrichi,Gogango_Creek,-23.77,150.17,1994,1994,5,male,0.717,2.357,2.367,0.003,0.051,0.133
D._aldrichi,Gogango_Creek,-23.77,150.17,1994,1994,6,female,0.000,,2.703,,,
D._aldrichi,Gogango_Creek,-23.77,150.17,1994,1994,7,female,0.750,,2.604,,,0.309
D._aldrichi,Grandchester,-27.68,152.45,1994,1994,0,female,0.922,2.177,2.646,0.025,0.030,0.052
D._aldrichi,Grandchester,-27.68,152.45,1994,1994,1,female,0.905,2.208,2.446,0.013,0.013,0.103
D._aldrichi,Grandchester,-27.68,152.45,1994,1994,2,female,0.882,2.230,2.474,0.015,0.008,0.023
D._aldrichi,Grandchester,-27.68,152.45,1994,1994,3,male,0.800,,2.531,,,
D._aldrichi,Grandchester,-27.68,152.45,1994,1994,4,male,0.785,2.305,2.425,,,
D._aldrichi,Oxford_Downs,-21.77,148.85,1994,1994,0,female,0.836,2.195,2.645,0.042,0.051,0.063
D._aldrichi,Oxford_Downs,-21.77,148.85,1994,1994,1,female,0.862,2.196,2.406,0.018,0.014,0.065
D._aldrichi,Oxford_Downs,-21.77,148.85,1994,1994,2,female,0.000,,,,,
D._aldrichi,Oxford_Downs,-21.77,148.85,1994,1994,3,female,0.909,2.339,2.501,0.009,0.059,0.053
D._aldrichi,Oxford_Downs,-21.77,148.85,1994,1994,4,female,0.860,2.289,2.257,0.033,0.049,0.033
D._aldrichi,Oxford_Downs,-21.77,148.85,1994,1994,5,female,0.828,2.180,2.506,0.018,0.027,0.096
D._aldrichi,Oxford_Downs,-21.77,148.85,1994,1994,6,female,0.965,2.124,2.393,0.004,0.004,0.107
D._aldrichi,Oxford_Downs,-21.77,148.85,1994,1994,7,female,0.866,2.223,2.466,0.007,0.024,0.015
D._aldrichi,Oxford_Downs,-21.77,148.85,1994,1994,8,female,0.864,2.197,2.366,0.005,0.037,0.049
D._aldrichi,Oxford_Downs,-21.77,148.85,1994,1994,9,female,0.959,2.234,2.542,0.013,0.006,0.179
D._aldrichi,Oxford_Downs,-21.77,148.85,1994,1994,10,female,0.833,2.203,2.434,0.012,0.003,0.124
D._aldrichi,Oxford_Downs,-21.77,148.85,1994,1994,11,female,0.877,2.282,2.369,0.012,0.016,0.112
D._aldrichi,Oxford_Downs,-21.77,148.85,1994,1994,12,female,0.985,,,2.385,,0.073
D._aldrichi,Oxford_Downs,-21.77,148.85,1994,1994,13,female,0.834,,,2.481,,
D._aldrichi,Oxford_Downs,-21.77,148.85,1994,1994,14,female,0.904,2.256,2.342,0.023,0.039,0.070
D._aldrichi,Oxford_Downs,-21.77,148.85,1994,1994,15,female,0.915,2.295,2.844,,,
D._aldrichi,Oxford_Downs,-21.77,148.85,1994,1994,16,female,0.900,2.228,2.704,,,
D._aldrichi,Oxford_Downs,-21.77,148.85,1994,1994,17,female,0.881,2.194,2.498,0.018,0.005,0.052
D._aldrichi,Oxford_Downs,-21.77,148.85,1994,1994,18,female,0.809,2.191,2.600,0.029,0.062,0.164
D._aldrichi,Oxford_Downs,-21.77,148.85,1994,1994,19,female,0.887,2.236,2.383,0.006,0.004,0.124
D._aldrichi,Oxford_Downs,-21.77,148.85,1994,1994,20,female,0.944,2.175,2.562,0.001,0.045,0.189
D._aldrichi,Oxford_Downs,-21.77,148.85,1994,1994,21,female,0.886,2.206,2.280,0.015,0.026,0.053
D._aldrichi,Oxford_Downs,-21.77,148.85,1994,1994,22,female,0.923,2.219,2.532,0.001,0.045,0.053
D._aldrichi,Oxford_Downs,-21.77,148.85,1994,1994,23,female,0.826,2.246,2.435,0.012,0.045,0.265
D._aldrichi,Oxford_Downs,-21.77,148.85,1994,1994,24,female,0.879,2.207,2.434,0.011,0.014,0.005
D._aldrichi,Oxford_Downs,-21.77,148.85,1994,1994,25,female,0.905,2.243,2.483,0.008,0.005,0.257
D._aldrichi,Oxford_Downs,-21.77,148.85,1994,1994,26,female,0.817,2.254,2.701,0.031,0.037,0.098
D._aldrichi,Oxford_Downs,-21.77,148.85,1994,1994,27,female,0.910,2.255,2.293,0.020,0.005,0.017
D._aldrichi,Oxford_Downs,-21.77,148.85,1994,1994,28,female,0.787,2.257,2.737,0.025,0.027,0.128
D._aldrichi,Oxford_Downs,-21.77,148.85,1994,1994,29,female,0.914,2.253,2.594,0.006,0.044,0.079
D._aldrichi,Oxford_Downs,-21.77,148.85,1994,1994,30,female,1.020,2.275,2.360,0.034,0.039,0.021
D._aldrichi,Oxford_Downs,-21.77,148.85,1994,1994,31,female,0.871,2.288,2.470,0.014,0.073,0.144
D._aldrichi,Oxford_Downs,-21.77,148.85,1994,1994,32,female,0.779,2.208,2.758,0.025,0.039,0.169
D._aldrichi,Oxford_Downs,-21.77,148.85,1994,1994,33,female,1.014,2.214,2.553,,,
D._aldrichi,Oxford_Downs,-21.77,148.85,1994,1994,34,female,0.764,2.149,2.669,0.031,0.029,0.103
D._aldrichi,Oxford_Downs,-21.77,148.85,1994,1994,35,female,0.757,2.269,2.350,0.027,0.009,0.127
D._aldrichi,Oxford_Downs,-21.77,148.85,1994,1994,36,female,0.844,2.281,2.699,0.002,0.063,0.008
D._aldrichi,Oxford_Downs,-21.77,148.85,1994,1994,37,female,0.918,2.273,2.435,0.021,0.018,0.019
D._aldrichi,Oxford_Downs,-21.77,148.85,1994,1994,38,female,0.775,2.291,2.504,0.048,0.025,0.126
D._aldrichi,Oxford_Downs,-21.77,148.85,1994,1994,39,female,0.916,2.256,2.414,0.001,0.023,0.054
D._aldrichi,Oxford_Downs,-21.77,148.85,1994,1994,40,female,0.895,2.265,2.543,0.006,0.016,0.019
D._aldrichi,Oxford_Downs,-21.77,148.85,1994,1994,41,female,0.780,2.277,2.360,0.019,0.099,0.261
D._aldrichi,Oxford_Downs,-21.77,148.85,1994,1994,42,female,0.826,2.294,2.471,0.060,0.126,0.007
D._aldrichi,Oxford_Downs,-21.77,148.85,1994,1994,43,female,0.821,2.267,2.436,0.004,0.001,0.052
D._aldrichi,Oxford_Downs,-21.77,148.85,1994,1994,44,female,0.742,2.127,2.391,0.023,0.062,0.147
D._aldrichi,Oxford_Downs,-21.77,148.85,1994,1994,45,female,0.834,2.161,2.286,0.011,0.074,0.130
D._aldrichi,Oxford_Downs,-21.77,148.85,1994,1994,46,female,0.956,2.269,2.693,,,
D._aldrichi,Oxford_Downs,-21.77,148.85,1994,1994,47,female,0.898,2.321,2.499,0.010,0.038,0.000
D._aldrichi,Oxford_Downs,-21.77,148.85,1994,1994,50,male,0.806,2.225,2.468,0.042,0.078,0.036
D._aldrichi,Oxford_Downs,-21.77,148.85,1994,1994,51,male,0.775,2.213,2.588,0.000,0.000,0.148
D._aldrichi,Oxford_Downs,-21.77,148.85,1994,1994,52,male,0.754,2.261,2.565,0.046,0.001,0.249
D._aldrichi,Oxford_Downs,-21.77,148.85,1994,1994,53,male,0.805,2.127,2.349,0.014,0.041,0.102
D._aldrichi,Oxford_Downs,-21.77,148.85,1994,1994,54,male,0.770,2.176,2.586,0.033,0.011,0.084
D._aldrichi,Oxford_Downs,-21.77,148.85,1994,1994,55,male,0.678,,,,,
D._aldrichi,Oxford_Downs,-21.77,148.85,1994,1994,56,male,0.785,2.185,2.558,0.013,0.037,0.164
D._aldrichi,Oxford_Downs,-21.77,148.85,1994,1994,57,male,0.746,2.023,2.356,0.028,0.055,0.061
D._aldrichi,Oxford_Downs,-21.77,148.85,1994,1994,58,male,0.761,2.092,2.404,0.008,0.022,0.201
D._aldrichi,Oxford_Downs,-21.77,148.85,1994,1994,59,male,0.691,2.291,2.715,0.011,0.041,0.145
D._aldrichi,Oxford_Downs,-21.77,148.85,1994,1994,60,male,0.800,2.241,2.376,0.033,0.046,0.097
D._aldrichi,Oxford_Downs,-21.77,148.85,1994,1994,61,male,0.801,2.228,2.661,0.001,0.030,0.002
D._aldrichi,Oxford_Downs,-21.77,148.85,1994,1994,62,male,0.598,2.151,2.566,0.011,0.058,0.228
D._aldrichi,Oxford_Downs,-21.77,148.85,1994,1994,63,male,0.702,2.191,2.459,0.016,0.011,0.282
D._aldrichi,Oxford_Downs,-21.77,148.85,1994,1994,64,male,0.556,2.222,2.709,0.008,0.064,0.179
D._aldrichi,Oxford_Downs,-21.77,148.85,1994,1994,65,male,0.794,,,,,
D._aldrichi,Oxford_Downs,-21.77,148.85,1994,1994,66,male,0.860,2.195,2.573,0.040,0.061,0.058
D._aldrichi,Oxford_Downs,-21.77,148.85,1994,1994,67,male,0.770,2.237,2.277,0.013,0.039,0.027
D._aldrichi,Oxford_Downs,-21.77,148.85,1994,1994,68,male,0.740,2.266,2.445,0.024,0.040,0.278
D._aldrichi,Oxford_Downs,-21.77,148.85,1994,1994,69,male,0.794,2.264,2.793,0.033,0.096,0.006
D._aldrichi,Oxford_Downs,-21.77,148.85,1994,1994,70,male,0.774,,2.586,,,0.067
D._aldrichi,Oxford_Downs,-21.77,148.85,1994,1994,71,male,0.778,2.208,2.567,0.061,0.053,0.194
D._aldrichi,Oxford_Downs,-21.77,148.85,1994,1994,72,male,0.848,,2.611,,,0.196
D._aldrichi,Oxford_Downs,-21.77,148.85,1994,1994,73,male,0.704,2.084,2.390,0.048,0.029,0.140
D._aldrichi,Oxford_Downs,-21.77,148.85,1994,1994,74,male,0.796,,2.532,,,0.015
D._aldrichi,Oxford_Downs,-21.77,148.85,1994,1994,75,male,0.813,2.248,2.616,0.046,0.006,0.151
D._aldrichi,Oxford_Downs,-21.77,148.85,1994,1994,76,male,0.838,2.302,2.518,0.033,0.033,0.079
D._aldrichi,Oxford_Downs,-21.77,148.85,1994,1994,77,male,0.869,2.221,2.516,0.037,0.050,0.053
D._aldrichi,Oxford_Downs,-21.77,148.85,1994,1994,78,male,0.925,2.178,2.542,0.021,0.111,0.078
D._aldrichi,Oxford_Downs,-21.77,148.85,1994,1994,79,male,0.803,,2.757,,,
D._aldrichi,Oxford_Downs,-21.77,148.85,1994,1994,80,male,0.701,2.206,2.515,0.001,0.024,0.025
D._aldrichi,Oxford_Downs,-21.77,148.85,1994,1994,81,male,0.684,2.247,2.562,0.044,0.019,0.001
D._aldrichi,Oxford_Downs,-21.77,148.85,1994,1994,82,male,0.772,2.292,2.418,0.034,0.056,0.323
D._aldrichi,Oxford_Downs,-21.77,148.85,1994,1994,83,male,0.793,,2.593,,,0.157
D._aldrichi,Wahruna,-25.2,151.17,1994,1994,0,female,0.873,2.209,2.621,,,
D._aldrichi,Wahruna,-25.2,151.17,1994,1994,1,female,0.862,,2.483,,,0.012
D._aldrichi,Wahruna,-25.2,151.17,1994,1994,2,female,0.938,2.204,2.291,0.017,0.021,0.066
D._aldrichi,Wahruna,-25.2,151.17,1994,1994,3,female,0.892,2.181,2.503,0.049,0.079,0.123
D._aldrichi,Wahruna,-25.2,151.17,1994,1994,4,female,0.833,2.176,2.476,,,
D._aldrichi,Wahruna,-25.2,151.17,1994,1994,5,female,0.854,,2.567,,,0.032
D._aldrichi,Wahruna,-25.2,151.17,1994,1994,6,female,0.878,2.139,2.579,0.017,0.033,0.140
D._aldrichi,Wahruna,-25.2,151.17,1994,1994,7,female,0.960,2.236,2.384,0.047,0.040,0.003
D._aldrichi,Wahruna,-25.2,151.17,1994,1994,8,female,0.827,2.178,2.722,0.094,0.076,0.319
D._aldrichi,Wahruna,-25.2,151.17,1994,1994,9,female,0.798,2.152,2.728,0.005,0.119,0.364
D._aldrichi,Wahruna,-25.2,151.17,1994,1994,10,female,0.755,2.296,2.502,0.012,0.021,0.002
D._aldrichi,Wahruna,-25.2,151.17,1994,1994,11,female,0.956,2.271,2.506,0.020,0.066,0.159
D._aldrichi,Wahruna,-25.2,151.17,1994,1994,12,female,0.908,2.209,2.580,0.034,0.101,0.139
D._aldrichi,Wahruna,-25.2,151.17,1994,1994,13,female,0.923,2.358,2.669,0.001,0.034,0.131
D._aldrichi,Wahruna,-25.2,151.17,1994,1994,14,female,1.014,2.232,2.354,0.041,0.005,0.042
D._aldrichi,Wahruna,-25.2,151.17,1994,1994,15,male,0.719,,2.706,,,0.014
D._aldrichi,Wahruna,-25.2,151.17,1994,1994,16,male,0.721,,,,,
D._aldrichi,Wahruna,-25.2,151.17,1994,1994,17,male,0.940,2.183,2.350,0.007,0.016,0.058
D._aldrichi,Wahruna,-25.2,151.17,1994,1994,18,male,0.807,2.298,2.448,0.030,0.041,0.029
D._aldrichi,Wahruna,-25.2,151.17,1994,1994,19,male,0.589,2.263,2.688,0.005,0.037,0.111
D._aldrichi,Wahruna,-25.2,151.17,1994,1994,20,male,0.825,2.162,2.435,0.018,0.101,0.056
D._aldrichi,Wahruna,-25.2,151.17,1994,1994,21,male,0.836,2.136,2.277,,,
D._aldrichi,Wahruna,-25.2,151.17,1994,1994,22,male,0.857,2.197,2.296,0.045,0.016,0.067
D._aldrichi,Wahruna,-25.2,151.17,1994,1994,23,male,0.773,2.201,2.561,0.013,0.046,0.089
D._aldrichi,Wahruna,-25.2,151.17,1994,1994,24,male,0.881,,2.434,,,
D._buzzatii,Binjour,-25.52,151.45,1994,1994,0,female,0.886,2.208,2.741,0.055,0.081,0.077
D._buzzatii,Binjour,-25.52,151.45,1994,1994,1,female,0.948,2.484,2.328,0.037,0.057,0.359
D._buzzatii,Binjour,-25.52,151.45,1994,1994,2,female,0.829,2.335,2.917,0.015,0.070,0.017
D._buzzatii,Binjour,-25.52,151.45,1994,1994,3,female,0.991,2.277,2.525,0.040,0.046,0.354
D._buzzatii,Binjour,-25.52,151.45,1994,1994,4,female,0.788,2.361,2.582,0.074,0.164,0.034
D._buzzatii,Binjour,-25.52,151.45,1994,1994,5,female,0.936,2.348,2.508,0.025,0.022,0.238
D._buzzatii,Binjour,-25.52,151.45,1994,1994,6,female,0.806,2.322,2.621,0.019,0.074,0.259
D._buzzatii,Binjour,-25.52,151.45,1994,1994,7,female,1.094,2.303,2.561,0.017,0.034,0.014
D._buzzatii,Binjour,-25.52,151.45,1994,1994,8,female,0.986,2.282,2.539,0.046,0.148,0.276
D._buzzatii,Binjour,-25.52,151.45,1994,1994,9,female,0.784,,2.388,,,0.221
D._buzzatii,Binjour,-25.52,151.45,1994,1994,10,female,0.946,2.379,2.645,0.017,0.075,0.274
D._buzzatii,Binjour,-25.52,151.45,1994,1994,11,female,0.966,2.341,2.549,0.014,0.048,0.060
D._buzzatii,Binjour,-25.52,151.45,1994,1994,12,female,0.920,2.317,2.836,0.039,0.094,0.098
D._buzzatii,Binjour,-25.52,151.45,1994,1994,13,female,1.005,2.252,2.879,0.028,0.051,0.013
D._buzzatii,Binjour,-25.52,151.45,1994,1994,14,female,0.948,,2.621,,,0.037
D._buzzatii,Binjour,-25.52,151.45,1994,1994,15,female,0.986,2.303,2.598,0.026,0.014,0.250
D._buzzatii,Binjour,-25.52,151.45,1994,1994,16,female,0.890,2.310,2.228,0.029,0.151,0.053
D._buzzatii,Binjour,-25.52,151.45,1994,1994,17,female,0.670,2.238,2.963,0.007,0.035,0.023
D._buzzatii,Binjour,-25.52,151.45,1994,1994,18,female,1.033,2.190,2.762,0.010,0.108,0.260
D._buzzatii,Binjour,-25.52,151.45,1994,1994,19,female,0.789,2.183,2.542,0.021,0.142,0.190
D._buzzatii,Binjour,-25.52,151.45,1994,1994,20,female,0.932,2.230,2.824,0.015,0.145,0.405
D._buzzatii,Binjour,-25.52,151.45,1994,1994,21,female,0.879,2.180,2.780,0.021,0.158,0.099
D._buzzatii,Binjour,-25.52,151.45,1994,1994,22,female,0.992,,2.728,,,
D._buzzatii,Binjour,-25.52,151.45,1994,1994,23,female,0.825,2.179,2.662,0.004,0.026,0.170
D._buzzatii,Binjour,-25.52,151.45,1994,1994,24,female,1.011,2.242,2.793,0.012,0.041,0.083
D._buzzatii,Binjour,-25.52,151.45,1994,1994,25,female,1.068,2.275,3.061,,,
D._buzzatii,Binjour,-25.52,151.45,1994,1994,26,female,0.803,2.162,2.544,0.004,0.091,0.231
D._buzzatii,Binjour,-25.52,151.45,1994,1994,27,female,0.993,2.236,2.453,0.008,0.014,0.483
D._buzzatii,Binjour,-25.52,151.45,1994,1994,28,female,0.919,2.176,2.574,0.003,0.040,0.358
D._buzzatii,Binjour,-25.52,151.45,1994,1994,29,female,1.044,2.203,2.602,0.014,0.021,0.105
D._buzzatii,Binjour,-25.52,151.45,1994,1994,30,female,0.796,2.310,2.673,0.029,0.123,0.129
D._buzzatii,Binjour,-25.52,151.45,1994,1994,31,female,1.057,2.169,2.534,,,
D._buzzatii,Binjour,-25.52,151.45,1994,1994,32,female,0.766,2.349,2.798,0.011,0.027,0.235
D._buzzatii,Binjour,-25.52,151.45,1994,1994,33,female,0.849,2.336,2.751,0.004,0.059,0.013
D._buzzatii,Binjour,-25.52,151.45,1994,1994,34,female,0.929,2.400,2.498,0.008,0.033,0.078
D._buzzatii,Binjour,-25.52,151.45,1994,1994,35,female,0.882,2.237,2.575,0.015,0.110,0.061
D._buzzatii,Binjour,-25.52,151.45,1994,1994,36,female,0.812,2.280,2.612,0.005,0.035,0.035
D._buzzatii,Binjour,-25.52,151.45,1994,1994,37,female,0.956,2.245,2.707,0.023,0.052,0.004
D._buzzatii,Binjour,-25.52,151.45,1994,1994,38,female,0.999,2.222,2.877,0.029,0.138,0.027
D._buzzatii,Binjour,-25.52,151.45,1994,1994,39,female,0.846,2.230,2.466,0.006,0.025,0.158
D._buzzatii,Binjour,-25.52,151.45,1994,1994,40,female,0.856,2.255,2.948,0.013,0.001,0.076
D._buzzatii,Binjour,-25.52,151.45,1994,1994,41,female,1.009,,2.618,,,
D._buzzatii,Binjour,-25.52,151.45,1994,1994,42,female,0.764,,2.342,,,
D._buzzatii,Binjour,-25.52,151.45,1994,1994,43,female,1.021,2.232,2.611,0.026,0.013,0.220
D._buzzatii,Binjour,-25.52,151.45,1994,1994,44,female,0.982,2.397,2.553,0.037,0.149,0.593
D._buzzatii,Binjour,-25.52,151.45,1994,1994,45,female,0.883,,2.827,,,
D._buzzatii,Binjour,-25.52,151.45,1994,1994,46,female,0.820,,2.639,,,0.147
D._buzzatii,Binjour,-25.52,151.45,1994,1994,47,female,0.880,2.233,2.576,0.038,0.045,0.125
D._buzzatii,Binjour,-25.52,151.45,1994,1994,48,female,1.011,,,,,
D._buzzatii,Binjour,-25.52,151.45,1994,1994,49,female,0.690,2.323,2.614,0.001,0.092,0.141
D._buzzatii,Binjour,-25.52,151.45,1994,1994,50,male,0.923,2.305,2.589,0.038,0.235,0.107
D._buzzatii,Binjour,-25.52,151.45,1994,1994,51,male,0.773,2.191,2.681,0.002,0.048,0.057
D._buzzatii,Binjour,-25.52,151.45,1994,1994,52,male,0.775,2.197,2.658,0.034,0.081,0.078
D._buzzatii,Binjour,-25.52,151.45,1994,1994,53,male,0.646,2.286,2.814,0.010,0.031,0.142
D._buzzatii,Binjour,-25.52,151.45,1994,1994,54,male,0.864,2.228,2.581,0.012,0.216,0.263
D._buzzatii,Binjour,-25.52,151.45,1994,1994,55,male,0.599,2.343,3.094,0.015,0.072,0.020
D._buzzatii,Binjour,-25.52,151.45,1994,1994,56,male,0.823,2.305,2.758,0.026,0.019,0.082
D._buzzatii,Binjour,-25.52,151.45,1994,1994,57,male,0.852,2.243,2.689,0.008,0.017,0.201
D._buzzatii,Binjour,-25.52,151.45,1994,1994,58,male,0.751,,2.664,,,0.565
D._buzzatii,Binjour,-25.52,151.45,1994,1994,59,male,0.873,2.307,2.618,0.015,0.187,0.328
D._buzzatii,Binjour,-25.52,151.45,1994,1994,60,male,0.930,2.136,2.706,0.007,0.103,0.292
D._buzzatii,Binjour,-25.52,151.45,1994,1994,61,male,0.896,2.246,2.545,0.011,0.039,0.272
D._buzzatii,Binjour,-25.52,151.45,1994,1994,62,male,0.743,2.259,2.887,0.016,0.075,0.354
D._buzzatii,Binjour,-25.52,151.45,1994,1994,63,male,0.821,2.325,2.597,0.061,0.053,0.094
D._buzzatii,Binjour,-25.52,151.45,1994,1994,64,male,0.896,2.164,2.554,0.047,0.008,0.351
D._buzzatii,Binjour,-25.52,151.45,1994,1994,65,male,0.627,2.301,2.836,0.037,0.156,0.077
D._buzzatii,Binjour,-25.52,151.45,1994,1994,66,male,0.941,2.194,2.551,0.036,0.120,0.132
D._buzzatii,Binjour,-25.52,151.45,1994,1994,67,male,0.683,2.215,2.750,0.009,0.026,0.198
D._buzzatii,Binjour,-25.52,151.45,1994,1994,68,male,0.809,2.250,2.698,0.035,0.194,0.082
D._buzzatii,Binjour,-25.52,151.45,1994,1994,69,male,0.647,2.235,2.548,0.018,0.005,0.081
D._buzzatii,Binjour,-25.52,151.45,1994,1994,70,male,0.744,2.341,2.723,0.037,0.188,0.256
D._buzzatii,Binjour,-25.52,151.45,1994,1994,71,male,0.856,2.179,2.681,0.092,0.076,0.349
D._buzzatii,Binjour,-25.52,151.45,1994,1994,72,male,0.951,2.223,2.653,0.017,0.018,0.133
D._buzzatii,Binjour,-25.52,151.45,1994,1994,73,male,0.814,2.204,2.528,0.012,0.006,0.316
D._buzzatii,Binjour,-25.52,151.45,1994,1994,74,male,0.708,2.292,2.446,0.032,0.061,0.006
D._buzzatii,Binjour,-25.52,151.45,1994,1994,75,male,0.683,2.157,2.552,0.002,0.000,0.596
D._buzzatii,Binjour,-25.52,151.45,1994,1994,76,male,0.880,2.319,2.686,0.048,0.055,0.177
D._buzzatii,Binjour,-25.52,151.45,1994,1994,77,male,0.728,2.297,2.393,0.069,0.145,0.346
D._buzzatii,Binjour,-25.52,151.45,1994,1994,78,male,0.883,2.260,2.581,0.057,0.166,0.074
D._buzzatii,Binjour,-25.52,151.45,1994,1994,79,male,0.775,2.234,2.468,0.047,0.105,0.175
D._buzzatii,Binjour,-25.52,151.45,1994,1994,80,male,0.809,2.246,2.585,0.031,0.005,0.311
D._buzzatii,Binjour,-25.52,151.45,1994,1994,81,male,0.879,,2.771,,,
D._buzzatii,Binjour,-25.52,151.45,1994,1994,82,male,0.909,2.235,2.150,0.001,0.083,0.220
D._buzzatii,Binjour,-25.52,151.45,1994,1994,83,male,0.809,2.288,2.691,0.030,0.148,0.003
D._buzzatii,Binjour,-25.52,151.45,1994,1994,84,male,0.937,2.333,2.587,0.003,0.045,0.140
D._buzzatii,Binjour,-25.52,151.45,1994,1994,85,male,0.691,2.186,2.562,0.006,0.025,0.007
D._buzzatii,Binjour,-25.52,151.45,1994,1994,86,male,0.763,2.347,2.804,0.049,0.146,0.183
D._buzzatii,Binjour,-25.52,151.45,1994,1994,87,male,0.807,2.197,2.484,0.014,0.024,0.064
D._buzzatii,Binjour,-25.52,151.45,1994,1994,88,male,0.860,2.175,2.670,0.070,0.038,0.044
D._buzzatii,Binjour,-25.52,151.45,1994,1994,89,male,0.764,2.315,2.197,0.004,0.004,0.319
D._buzzatii,Binjour,-25.52,151.45,1994,1994,90,male,0.836,2.302,2.334,0.034,0.015,0.248
D._buzzatii,Binjour,-25.52,151.45,1994,1994,91,male,0.818,2.249,2.608,0.008,0.153,0.037
D._buzzatii,Binjour,-25.52,151.45,1994,1994,92,male,0.832,2.276,2.240,0.039,0.011,0.202
D._buzzatii,Binjour,-25.52,151.45,1994,1994,93,male,0.859,2.458,2.258,,,
D._buzzatii,Binjour,-25.52,151.45,1994,1994,94,male,0.848,2.102,2.624,0.033,0.139,0.310
D._buzzatii,Binjour,-25.52,151.45,1994,1994,95,male,0.802,2.225,2.561,0.003,0.071,0.031
D._buzzatii,Binjour,-25.52,151.45,1994,1994,96,male,0.752,2.284,2.688,0.033,0.053,0.299
D._buzzatii,Binjour,-25.52,151.45,1994,1994,97,male,0.645,2.313,2.272,0.066,0.189,0.277
D._buzzatii,Binjour,-25.52,151.45,1994,1994,98,male,0.742,2.313,2.999,0.012,0.059,0.006
D._buzzatii,Binjour,-25.52,151.45,1994,1994,99,male,0.746,2.202,2.642,0.040,0.054,0.064
D._buzzatii,Gogango_Creek,-23.77,150.17,1994,1994,0,female,0.842,2.306,2.805,0.011,0.051,0.241
D._buzzatii,Gogango_Creek,-23.77,150.17,1994,1994,1,female,0.973,2.316,2.533,0.005,0.054,0.037
D._buzzatii,Gogango_Creek,-23.77,150.17,1994,1994,2,female,0.694,2.063,3.066,0.015,0.005,0.050
D._buzzatii,Gogango_Creek,-23.77,150.17,1994,1994,3,female,0.795,2.216,2.705,0.023,0.019,0.215
D._buzzatii,Gogango_Creek,-23.77,150.17,1994,1994,4,female,0.977,2.331,2.549,0.036,0.040,0.209
D._buzzatii,Gogango_Creek,-23.77,150.17,1994,1994,5,female,0.773,2.280,2.674,0.002,0.067,0.020
D._buzzatii,Gogango_Creek,-23.77,150.17,1994,1994,6,female,0.864,2.319,2.785,0.003,0.014,0.182
D._buzzatii,Gogango_Creek,-23.77,150.17,1994,1994,7,female,0.924,2.307,2.699,0.045,0.119,0.120
D._buzzatii,Gogango_Creek,-23.77,150.17,1994,1994,8,female,0.808,,2.962,,,0.658
D._buzzatii,Gogango_Creek,-23.77,150.17,1994,1994,9,female,0.929,2.327,2.608,0.014,0.040,0.120
D._buzzatii,Gogango_Creek,-23.77,150.17,1994,1994,10,female,0.851,2.311,2.820,0.033,0.045,0.147
D._buzzatii,Gogango_Creek,-23.77,150.17,1994,1994,11,female,0.932,2.311,2.408,0.039,0.077,0.448
D._buzzatii,Gogango_Creek,-23.77,150.17,1994,1994,12,female,0.673,2.303,2.622,0.049,0.044,0.132
D._buzzatii,Gogango_Creek,-23.77,150.17,1994,1994,13,female,0.713,2.274,2.530,0.019,0.026,0.087
D._buzzatii,Gogango_Creek,-23.77,150.17,1994,1994,14,female,0.963,2.464,2.729,0.023,0.007,0.183
D._buzzatii,Gogango_Creek,-23.77,150.17,1994,1994,15,female,0.747,2.232,2.493,0.033,0.035,0.231
D._buzzatii,Gogango_Creek,-23.77,150.17,1994,1994,16,female,0.696,2.279,2.706,0.016,0.123,0.140
D._buzzatii,Gogango_Creek,-23.77,150.17,1994,1994,17,female,0.693,2.299,2.806,0.039,0.054,0.290
D._buzzatii,Gogango_Creek,-23.77,150.17,1994,1994,18,female,0.715,2.231,2.600,0.009,0.077,0.128
D._buzzatii,Gogango_Creek,-23.77,150.17,1994,1994,19,female,0.918,2.343,2.512,0.020,0.019,0.163
D._buzzatii,Gogango_Creek,-23.77,150.17,1994,1994,20,female,0.783,,2.574,,,
D._buzzatii,Gogango_Creek,-23.77,150.17,1994,1994,21,female,0.728,2.337,2.759,0.031,0.085,0.037
D._buzzatii,Gogango_Creek,-23.77,150.17,1994,1994,22,female,0.701,2.289,2.686,0.049,0.080,0.090
D._buzzatii,Gogango_Creek,-23.77,150.17,1994,1994,23,female,0.843,2.316,2.817,0.035,0.034,0.362
D._buzzatii,Gogango_Creek,-23.77,150.17,1994,1994,24,female,1.013,,,,,
D._buzzatii,Gogango_Creek,-23.77,150.17,1994,1994,25,female,0.987,2.277,2.448,0.007,0.055,0.006
D._buzzatii,Gogango_Creek,-23.77,150.17,1994,1994,26,female,0.691,2.326,2.692,0.114,0.224,0.133
D._buzzatii,Gogango_Creek,-23.77,150.17,1994,1994,27,female,0.758,2.178,2.580,0.017,0.007,0.149
D._buzzatii,Gogango_Creek,-23.77,150.17,1994,1994,28,female,0.950,2.240,2.616,0.067,0.105,0.119
D._buzzatii,Gogango_Creek,-23.77,150.17,1994,1994,29,female,0.791,2.356,2.856,0.052,0.006,0.193
D._buzzatii,Gogango_Creek,-23.77,150.17,1994,1994,30,female,0.808,2.189,2.535,0.006,0.046,0.351
D._buzzatii,Gogango_Creek,-23.77,150.17,1994,1994,31,female,0.900,2.276,2.666,0.030,0.011,0.239
D._buzzatii,Gogango_Creek,-23.77,150.17,1994,1994,32,female,0.775,2.310,2.948,0.042,0.085,0.336
D._buzzatii,Gogango_Creek,-23.77,150.17,1994,1994,33,female,0.743,2.250,2.515,0.031,0.106,0.439
D._buzzatii,Gogango_Creek,-23.77,150.17,1994,1994,34,female,0.928,2.243,2.721,0.004,0.005,0.128
D._buzzatii,Gogango_Creek,-23.77,150.17,1994,1994,35,female,0.921,2.258,2.635,0.089,0.172,0.092
D._buzzatii,Gogango_Creek,-23.77,150.17,1994,1994,36,female,0.799,2.211,2.685,0.098,0.083,0.271
D._buzzatii,Gogango_Creek,-23.77,150.17,1994,1994,37,female,0.859,2.217,2.730,0.075,0.138,0.159
D._buzzatii,Gogango_Creek,-23.77,150.17,1994,1994,38,female,0.798,2.204,3.011,0.070,0.201,0.021
D._buzzatii,Gogango_Creek,-23.77,150.17,1994,1994,39,female,0.905,,2.556,,,0.093
D._buzzatii,Gogango_Creek,-23.77,150.17,1994,1994,40,female,0.782,2.285,2.524,0.036,0.089,0.149
D._buzzatii,Gogango_Creek,-23.77,150.17,1994,1994,41,female,0.714,2.216,2.932,0.005,0.195,0.141
D._buzzatii,Gogango_Creek,-23.77,150.17,1994,1994,42,female,0.798,2.325,2.657,0.049,0.043,0.139
D._buzzatii,Gogango_Creek,-23.77,150.17,1994,1994,43,female,0.802,2.302,2.885,0.014,0.008,0.131
D._buzzatii,Gogango_Creek,-23.77,150.17,1994,1994,44,female,0.738,2.224,2.623,0.003,0.017,0.189
D._buzzatii,Gogango_Creek,-23.77,150.17,1994,1994,45,female,0.723,2.302,2.945,0.015,0.163,0.038
D._buzzatii,Gogango_Creek,-23.77,150.17,1994,1994,46,female,0.745,2.224,2.877,0.072,0.047,0.152
D._buzzatii,Gogango_Creek,-23.77,150.17,1994,1994,47,female,0.997,2.248,2.618,0.067,0.044,0.222
D._buzzatii,Gogango_Creek,-23.77,150.17,1994,1994,48,female,0.856,2.284,2.723,0.026,0.019,0.066
D._buzzatii,Gogango_Creek,-23.77,150.17,1994,1994,49,female,0.821,2.286,2.756,0.057,0.013,0.043
D._buzzatii,Gogango_Creek,-23.77,150.17,1994,1994,50,male,0.902,2.150,2.527,0.008,0.085,0.055
D._buzzatii,Gogango_Creek,-23.77,150.17,1994,1994,51,male,0.737,2.260,2.727,0.002,0.011,0.275
D._buzzatii,Gogango_Creek,-23.77,150.17,1994,1994,52,male,0.790,2.270,2.552,0.039,0.003,0.138
D._buzzatii,Gogango_Creek,-23.77,150.17,1994,1994,53,male,0.683,2.173,2.497,0.008,0.006,0.114
D._buzzatii,Gogango_Creek,-23.77,150.17,1994,1994,54,male,0.653,2.217,2.669,0.006,0.111,0.129
D._buzzatii,Gogango_Creek,-23.77,150.17,1994,1994,55,male,0.628,2.286,2.672,0.014,0.009,0.051
D._buzzatii,Gogango_Creek,-23.77,150.17,1994,1994,56,male,0.706,2.217,2.825,,,
D._buzzatii,Gogango_Creek,-23.77,150.17,1994,1994,57,male,0.797,2.294,2.348,0.115,0.126,0.274
D._buzzatii,Gogango_Creek,-23.77,150.17,1994,1994,58,male,0.645,2.261,2.552,0.033,0.155,0.043
D._buzzatii,Gogango_Creek,-23.77,150.17,1994,1994,59,male,0.693,2.234,2.324,0.043,0.112,0.035
D._buzzatii,Gogango_Creek,-23.77,150.17,1994,1994,60,male,0.654,2.276,2.642,0.042,0.113,0.322
D._buzzatii,Gogango_Creek,-23.77,150.17,1994,1994,61,male,0.724,2.193,2.685,0.005,0.021,0.084
D._buzzatii,Gogango_Creek,-23.77,150.17,1994,1994,62,male,0.693,2.246,3.133,0.032,0.161,0.729
D._buzzatii,Gogango_Creek,-23.77,150.17,1994,1994,63,male,0.758,2.211,2.581,0.005,0.106,0.090
D._buzzatii,Gogango_Creek,-23.77,150.17,1994,1994,64,male,0.770,2.242,2.455,0.032,0.036,0.328
D._buzzatii,Gogango_Creek,-23.77,150.17,1994,1994,65,male,0.701,2.232,2.624,0.005,0.011,0.076
D._buzzatii,Gogango_Creek,-23.77,150.17,1994,1994,66,male,0.719,2.270,2.662,0.023,0.099,0.111
D._buzzatii,Gogango_Creek,-23.77,150.17,1994,1994,67,male,0.735,2.251,2.788,0.007,0.001,0.043
D._buzzatii,Gogango_Creek,-23.77,150.17,1994,1994,68,male,0.630,2.218,2.908,0.001,0.003,0.132
D._buzzatii,Gogango_Creek,-23.77,150.17,1994,1994,69,male,0.855,2.132,2.380,0.065,0.024,0.455
D._buzzatii,Gogango_Creek,-23.77,150.17,1994,1994,70,male,0.631,2.227,2.843,0.014,0.257,0.308
D._buzzatii,Gogango_Creek,-23.77,150.17,1994,1994,71,male,0.638,2.373,2.637,0.016,0.008,0.506
D._buzzatii,Gogango_Creek,-23.77,150.17,1994,1994,72,male,0.806,2.337,2.551,0.024,0.059,0.331
D._buzzatii,Gogango_Creek,-23.77,150.17,1994,1994,73,male,0.632,2.263,2.649,0.020,0.193,0.625
D._buzzatii,Gogango_Creek,-23.77,150.17,1994,1994,74,male,0.739,2.321,2.287,0.017,0.005,0.478
D._buzzatii,Gogango_Creek,-23.77,150.17,1994,1994,75,male,0.692,2.209,2.734,0.021,0.096,0.322
D._buzzatii,Gogango_Creek,-23.77,150.17,1994,1994,76,male,0.682,2.330,2.923,0.014,0.049,0.467
D._buzzatii,Gogango_Creek,-23.77,150.17,1994,1994,77,male,0.627,2.260,2.615,0.032,0.006,0.140
D._buzzatii,Gogango_Creek,-23.77,150.17,1994,1994,78,male,0.600,2.263,2.762,0.032,0.102,0.737
D._buzzatii,Gogango_Creek,-23.77,150.17,1994,1994,79,male,0.807,2.224,2.371,0.027,0.010,0.350
D._buzzatii,Gogango_Creek,-23.77,150.17,1994,1994,80,male,0.757,2.235,2.582,0.036,0.185,0.085
D._buzzatii,Gogango_Creek,-23.77,150.17,1994,1994,81,male,0.801,2.272,2.643,0.004,0.045,0.135
D._buzzatii,Gogango_Creek,-23.77,150.17,1994,1994,82,male,0.808,2.279,2.601,0.084,0.110,0.125
D._buzzatii,Gogango_Creek,-23.77,150.17,1994,1994,83,male,0.650,2.318,2.749,0.027,0.041,0.127
D._buzzatii,Gogango_Creek,-23.77,150.17,1994,1994,84,male,0.785,2.245,2.641,0.039,0.168,0.045
D._buzzatii,Gogango_Creek,-23.77,150.17,1994,1994,85,male,0.656,,,,,
D._buzzatii,Gogango_Creek,-23.77,150.17,1994,1994,86,male,0.698,2.309,2.631,0.014,0.112,0.042
D._buzzatii,Gogango_Creek,-23.77,150.17,1994,1994,87,male,0.549,2.220,2.630,,,
D._buzzatii,Gogango_Creek,-23.77,150.17,1994,1994,88,male,0.641,2.293,2.299,0.033,0.135,0.238
D._buzzatii,Gogango_Creek,-23.77,150.17,1994,1994,89,male,0.555,2.201,2.972,0.021,0.008,0.050
D._buzzatii,Gogango_Creek,-23.77,150.17,1994,1994,90,male,0.626,2.296,2.404,0.016,0.026,0.076
D._buzzatii,Gogango_Creek,-23.77,150.17,1994,1994,91,male,0.748,2.212,2.433,0.050,0.127,0.190
D._buzzatii,Gogango_Creek,-23.77,150.17,1994,1994,92,male,0.783,2.266,2.741,0.012,0.017,0.120
D._buzzatii,Gogango_Creek,-23.77,150.17,1994,1994,93,male,0.851,2.317,2.603,0.041,0.110,0.334
D._buzzatii,Gogango_Creek,-23.77,150.17,1994,1994,94,male,0.756,2.325,2.626,0.017,0.023,0.072
D._buzzatii,Gogango_Creek,-23.77,150.17,1994,1994,95,male,0.624,2.241,2.890,0.001,0.028,0.691
D._buzzatii,Gogango_Creek,-23.77,150.17,1994,1994,96,male,0.646,2.199,2.771,0.017,0.108,0.193
D._buzzatii,Gogango_Creek,-23.77,150.17,1994,1994,97,male,0.879,2.283,2.576,0.058,0.104,0.118
D._buzzatii,Gogango_Creek,-23.77,150.17,1994,1994,98,male,0.000,,,,,
D._buzzatii,Gogango_Creek,-23.77,150.17,1994,1994,99,male,0.573,2.143,2.745,0.028,0.054,0.284
D._buzzatii,Grandchester,-27.68,152.45,1994,1994,0,female,0.984,2.199,2.354,0.030,0.020,0.377
D._buzzatii,Grandchester,-27.68,152.45,1994,1994,1,female,0.963,2.241,2.822,0.013,0.047,0.138
D._buzzatii,Grandchester,-27.68,152.45,1994,1994,2,female,0.973,2.408,3.065,0.088,0.115,0.085
D._buzzatii,Grandchester,-27.68,152.45,1994,1994,3,female,1.048,2.343,3.015,0.002,0.046,0.406
D._buzzatii,Grandchester,-27.68,152.45,1994,1994,4,female,0.917,,,,,
D._buzzatii,Grandchester,-27.68,152.45,1994,1994,5,female,0.919,2.232,2.450,0.023,0.057,0.071
D._buzzatii,Grandchester,-27.68,152.45,1994,1994,6,female,1.099,2.232,2.681,0.010,0.052,0.056
D._buzzatii,Grandchester,-27.68,152.45,1994,1994,7,female,0.873,2.297,2.227,0.037,0.072,0.126
D._buzzatii,Grandchester,-27.68,152.45,1994,1994,8,female,1.017,2.385,2.365,0.075,0.109,0.219
D._buzzatii,Grandchester,-27.68,152.45,1994,1994,9,female,0.926,2.185,2.709,0.052,0.004,0.120
D._buzzatii,Grandchester,-27.68,152.45,1994,1994,10,female,0.818,2.367,2.393,0.043,0.246,0.192
D._buzzatii,Grandchester,-27.68,152.45,1994,1994,11,female,1.012,2.289,2.839,0.053,0.162,0.226
D._buzzatii,Grandchester,-27.68,152.45,1994,1994,12,female,0.903,2.337,2.419,0.063,0.080,0.075
D._buzzatii,Grandchester,-27.68,152.45,1994,1994,13,female,0.926,2.312,2.569,0.014,0.146,0.302
D._buzzatii,Grandchester,-27.68,152.45,1994,1994,14,female,0.919,2.247,2.624,0.086,0.123,0.078
D._buzzatii,Grandchester,-27.68,152.45,1994,1994,15,female,0.854,2.321,2.689,0.021,0.047,0.020
D._buzzatii,Grandchester,-27.68,152.45,1994,1994,16,female,1.022,,2.560,,,0.018
D._buzzatii,Grandchester,-27.68,152.45,1994,1994,17,female,0.997,2.252,2.877,0.070,0.091,0.633
D._buzzatii,Grandchester,-27.68,152.45,1994,1994,18,female,1.051,2.400,2.174,,,
D._buzzatii,Grandchester,-27.68,152.45,1994,1994,19,female,0.963,2.282,2.683,0.025,0.157,0.485
D._buzzatii,Grandchester,-27.68,152.45,1994,1994,20,female,0.893,2.403,2.939,,,
D._buzzatii,Grandchester,-27.68,152.45,1994,1994,21,female,0.925,2.372,2.806,0.084,0.043,0.970
D._buzzatii,Grandchester,-27.68,152.45,1994,1994,22,female,0.979,2.348,,,,
D._buzzatii,Grandchester,-27.68,152.45,1994,1994,23,female,0.854,2.402,2.443,0.046,0.047,0.459
D._buzzatii,Grandchester,-27.68,152.45,1994,1994,24,female,1.010,2.463,2.410,0.029,0.065,0.219
D._buzzatii,Grandchester,-27.68,152.45,1994,1994,25,female,0.979,2.319,2.482,,,
D._buzzatii,Grandchester,-27.68,152.45,1994,1994,26,female,1.053,,2.424,,,
D._buzzatii,Grandchester,-27.68,152.45,1994,1994,27,female,0.864,2.322,2.648,0.040,0.069,0.276
D._buzzatii,Grandchester,-27.68,152.45,1994,1994,28,female,0.831,,2.528,,,0.139
D._buzzatii,Grandchester,-27.68,152.45,1994,1994,29,female,0.968,2.361,2.242,0.048,0.054,0.325
D._buzzatii,Grandchester,-27.68,152.45,1994,1994,30,female,0.781,2.280,2.435,0.026,0.022,0.061
D._buzzatii,Grandchester,-27.68,152.45,1994,1994,31,female,0.837,2.329,2.646,0.009,0.058,0.101
D._buzzatii,Grandchester,-27.68,152.45,1994,1994,32,female,0.658,2.336,2.560,0.034,0.002,0.179
D._buzzatii,Grandchester,-27.68,152.45,1994,1994,33,female,0.802,2.235,2.655,0.027,0.034,0.249
D._buzzatii,Grandchester,-27.68,152.45,1994,1994,34,female,1.000,2.452,2.281,0.048,0.169,0.141
D._buzzatii,Grandchester,-27.68,152.45,1994,1994,35,female,0.933,,2.872,,,
D._buzzatii,Grandchester,-27.68,152.45,1994,1994,36,female,0.879,2.202,2.800,0.016,0.084,0.405
D._buzzatii,Grandchester,-27.68,152.45,1994,1994,37,female,0.942,2.369,2.564,0.010,0.089,0.102
D._buzzatii,Grandchester,-27.68,152.45,1994,1994,38,female,0.800,2.221,2.783,0.023,0.124,0.001
D._buzzatii,Grandchester,-27.68,152.45,1994,1994,39,female,0.941,2.246,2.600,0.010,0.088,0.184
D._buzzatii,Grandchester,-27.68,152.45,1994,1994,40,female,0.000,0.000,0.000,,,
D._buzzatii,Grandchester,-27.68,152.45,1994,1994,41,female,0.979,2.175,2.562,0.076,0.143,0.087
D._buzzatii,Grandchester,-27.68,152.45,1994,1994,42,female,0.884,2.367,2.740,0.037,0.170,0.316
D._buzzatii,Grandchester,-27.68,152.45,1994,1994,43,female,0.812,2.326,2.486,0.015,0.062,0.422
D._buzzatii,Grandchester,-27.68,152.45,1994,1994,44,female,0.819,2.392,2.604,0.086,0.165,0.286
D._buzzatii,Grandchester,-27.68,152.45,1994,1994,45,female,0.939,2.206,2.609,0.013,0.079,0.335
D._buzzatii,Grandchester,-27.68,152.45,1994,1994,46,female,1.017,2.286,2.764,0.059,0.023,0.610
D._buzzatii,Grandchester,-27.68,152.45,1994,1994,47,female,0.927,2.274,2.748,0.041,0.001,0.212
D._buzzatii,Grandchester,-27.68,152.45,1994,1994,48,female,0.882,2.219,2.843,0.041,0.031,0.904
D._buzzatii,Grandchester,-27.68,152.45,1994,1994,49,female,0.935,2.259,2.412,0.038,0.116,0.044
D._buzzatii,Grandchester,-27.68,152.45,1994,1994,50,male,0.755,2.231,2.743,0.041,0.075,0.155
D._buzzatii,Grandchester,-27.68,152.45,1994,1994,51,male,0.861,2.226,2.687,0.002,0.000,0.482
D._buzzatii,Grandchester,-27.68,152.45,1994,1994,52,male,0.910,2.255,2.704,0.000,0.014,0.347
D._buzzatii,Grandchester,-27.68,152.45,1994,1994,53,male,0.676,2.203,2.825,0.036,0.147,0.462
D._buzzatii,Grandchester,-27.68,152.45,1994,1994,54,male,0.825,2.184,2.796,,,
D._buzzatii,Grandchester,-27.68,152.45,1994,1994,55,male,0.825,2.260,2.572,0.043,0.071,0.320
D._buzzatii,Grandchester,-27.68,152.45,1994,1994,56,male,0.801,2.326,2.449,0.038,0.186,0.325
D._buzzatii,Grandchester,-27.68,152.45,1994,1994,57,male,0.755,2.252,2.849,0.006,0.104,0.163
D._buzzatii,Grandchester,-27.68,152.45,1994,1994,58,male,0.698,2.201,2.881,0.012,0.053,0.446
D._buzzatii,Grandchester,-27.68,152.45,1994,1994,59,male,0.882,2.282,2.598,0.055,0.112,0.128
D._buzzatii,Grandchester,-27.68,152.45,1994,1994,60,male,0.733,2.188,3.008,0.028,0.047,0.193
D._buzzatii,Grandchester,-27.68,152.45,1994,1994,61,male,0.604,2.253,2.688,,,
D._buzzatii,Grandchester,-27.68,152.45,1994,1994,62,male,0.777,2.320,2.593,0.023,0.085,0.406
D._buzzatii,Grandchester,-27.68,152.45,1994,1994,63,male,0.917,2.557,2.361,,,
D._buzzatii,Grandchester,-27.68,152.45,1994,1994,64,male,0.802,2.258,3.072,0.068,0.163,0.001
D._buzzatii,Grandchester,-27.68,152.45,1994,1994,65,male,0.784,2.190,2.576,0.009,0.093,0.214
D._buzzatii,Grandchester,-27.68,152.45,1994,1994,66,male,0.932,,,,,
D._buzzatii,Grandchester,-27.68,152.45,1994,1994,67,male,0.902,2.278,2.373,0.020,0.010,0.295
D._buzzatii,Grandchester,-27.68,152.45,1994,1994,68,male,0.714,2.214,2.577,0.000,0.101,0.052
D._buzzatii,Grandchester,-27.68,152.45,1994,1994,69,male,0.798,2.261,2.483,0.045,0.064,0.096
D._buzzatii,Grandchester,-27.68,152.45,1994,1994,70,male,0.720,2.282,2.595,0.029,0.052,0.045
D._buzzatii,Grandchester,-27.68,152.45,1994,1994,71,male,0.862,2.250,2.732,0.040,0.028,0.268
D._buzzatii,Grandchester,-27.68,152.45,1994,1994,72,male,0.819,2.261,2.543,0.064,0.127,0.163
D._buzzatii,Grandchester,-27.68,152.45,1994,1994,73,male,0.918,2.122,2.640,0.092,0.138,0.265
D._buzzatii,Grandchester,-27.68,152.45,1994,1994,74,male,0.885,2.229,2.532,0.040,0.125,0.038
D._buzzatii,Grandchester,-27.68,152.45,1994,1994,75,male,0.715,,2.783,,,0.134
D._buzzatii,Grandchester,-27.68,152.45,1994,1994,76,male,0.889,2.173,2.364,0.020,0.062,0.060
D._buzzatii,Grandchester,-27.68,152.45,1994,1994,77,male,0.884,2.178,2.458,0.061,0.063,0.017
D._buzzatii,Grandchester,-27.68,152.45,1994,1994,78,male,0.803,2.242,2.596,0.023,0.067,0.216
D._buzzatii,Grandchester,-27.68,152.45,1994,1994,79,male,0.814,2.282,2.805,0.017,0.093,0.268
D._buzzatii,Grandchester,-27.68,152.45,1994,1994,80,male,0.846,2.147,2.761,0.005,0.055,0.025
D._buzzatii,Grandchester,-27.68,152.45,1994,1994,81,male,0.882,2.285,2.798,0.009,0.003,0.452
D._buzzatii,Grandchester,-27.68,152.45,1994,1994,82,male,0.000,,,,,
D._buzzatii,Grandchester,-27.68,152.45,1994,1994,83,male,0.868,2.312,2.672,0.014,0.065,0.102
D._buzzatii,Grandchester,-27.68,152.45,1994,1994,84,male,0.872,2.206,2.488,0.026,0.201,0.008
D._buzzatii,Grandchester,-27.68,152.45,1994,1994,85,male,0.765,2.287,2.571,0.011,0.023,0.142
D._buzzatii,Grandchester,-27.68,152.45,1994,1994,86,male,0.892,2.365,2.479,0.052,0.286,0.342
D._buzzatii,Grandchester,-27.68,152.45,1994,1994,87,male,0.863,2.199,2.668,0.045,0.005,0.013
D._buzzatii,Grandchester,-27.68,152.45,1994,1994,88,male,0.837,2.290,2.487,0.009,0.093,0.006
D._buzzatii,Grandchester,-27.68,152.45,1994,1994,89,male,0.804,2.285,2.806,,,
D._buzzatii,Grandchester,-27.68,152.45,1994,1994,90,male,0.583,2.384,2.762,0.028,0.027,0.004
D._buzzatii,Grandchester,-27.68,152.45,1994,1994,91,male,0.860,2.276,2.511,0.031,0.091,0.155
D._buzzatii,Grandchester,-27.68,152.45,1994,1994,92,male,0.646,,2.724,,,0.057
D._buzzatii,Grandchester,-27.68,152.45,1994,1994,93,male,0.786,2.243,2.717,0.021,0.016,0.122
D._buzzatii,Grandchester,-27.68,152.45,1994,1994,94,male,0.672,2.346,2.690,0.037,0.030,0.161
D._buzzatii,Grandchester,-27.68,152.45,1994,1994,95,male,0.788,2.295,2.611,0.026,0.071,0.070
D._buzzatii,Grandchester,-27.68,152.45,1994,1994,96,male,0.934,2.326,2.601,0.012,0.051,0.110
D._buzzatii,Grandchester,-27.68,152.45,1994,1994,97,male,0.901,2.086,2.574,0.060,0.116,0.105
D._buzzatii,Grandchester,-27.68,152.45,1994,1994,98,male,0.747,2.305,2.608,0.030,0.069,0.271
D._buzzatii,Grandchester,-27.68,152.45,1994,1994,99,male,0.726,2.224,2.729,0.019,0.059,0.169
D._buzzatii,Oxford_Downs,-21.77,148.85,1994,1994,0,female,0.905,2.356,2.748,0.003,0.050,0.218
D._buzzatii,Oxford_Downs,-21.77,148.85,1994,1994,1,female,0.906,2.278,2.665,0.013,0.019,0.262
D._buzzatii,Oxford_Downs,-21.77,148.85,1994,1994,2,male,0.763,2.200,2.577,0.017,0.008,0.141
D._buzzatii,Wahruna,-25.2,151.17,1994,1994,0,female,1.194,2.230,2.253,0.008,0.040,0.231
D._buzzatii,Wahruna,-25.2,151.17,1994,1994,1,female,0.940,2.260,2.611,0.055,0.092,0.308
D._buzzatii,Wahruna,-25.2,151.17,1994,1994,2,female,0.784,2.272,2.847,0.025,0.047,0.278
D._buzzatii,Wahruna,-25.2,151.17,1994,1994,3,female,0.994,2.277,2.681,0.039,0.042,0.033
D._buzzatii,Wahruna,-25.2,151.17,1994,1994,4,female,0.826,,,,,
D._buzzatii,Wahruna,-25.2,151.17,1994,1994,5,female,0.837,2.157,2.600,0.012,0.048,0.104
D._buzzatii,Wahruna,-25.2,151.17,1994,1994,6,female,0.955,2.284,2.489,0.022,0.013,0.042
D._buzzatii,Wahruna,-25.2,151.17,1994,1994,7,female,0.906,,2.550,,,0.086
D._buzzatii,Wahruna,-25.2,151.17,1994,1994,8,female,0.924,2.341,2.244,0.012,0.028,0.039
D._buzzatii,Wahruna,-25.2,151.17,1994,1994,9,female,0.858,2.265,2.745,0.090,0.018,0.501
D._buzzatii,Wahruna,-25.2,151.17,1994,1994,10,female,0.979,2.167,2.532,0.026,0.021,0.119
D._buzzatii,Wahruna,-25.2,151.17,1994,1994,11,female,0.901,2.309,2.642,0.049,0.099,0.049
D._buzzatii,Wahruna,-25.2,151.17,1994,1994,12,female,0.822,2.212,2.640,0.028,0.023,0.243
D._buzzatii,Wahruna,-25.2,151.17,1994,1994,13,female,0.804,2.264,2.650,0.018,0.100,0.254
D._buzzatii,Wahruna,-25.2,151.17,1994,1994,14,female,0.896,2.297,2.637,0.007,0.023,0.094
D._buzzatii,Wahruna,-25.2,151.17,1994,1994,15,female,0.981,2.237,2.734,0.043,0.122,0.363
D._buzzatii,Wahruna,-25.2,151.17,1994,1994,16,female,0.833,2.293,2.760,0.030,0.046,0.196
D._buzzatii,Wahruna,-25.2,151.17,1994,1994,17,female,0.977,2.273,2.472,0.029,0.041,0.121
D._buzzatii,Wahruna,-25.2,151.17,1994,1994,18,female,0.980,2.250,2.528,0.037,0.103,0.055
D._buzzatii,Wahruna,-25.2,151.17,1994,1994,19,female,0.728,2.238,2.714,0.008,0.063,0.021
D._buzzatii,Wahruna,-25.2,151.17,1994,1994,20,female,0.783,2.286,2.869,0.011,0.034,0.162
D._buzzatii,Wahruna,-25.2,151.17,1994,1994,21,female,0.676,2.315,2.538,0.007,0.056,0.053
D._buzzatii,Wahruna,-25.2,151.17,1994,1994,22,female,1.003,2.344,2.528,0.049,0.033,0.109
D._buzzatii,Wahruna,-25.2,151.17,1994,1994,23,female,0.965,2.231,2.583,0.015,0.034,0.017
D._buzzatii,Wahruna,-25.2,151.17,1994,1994,24,female,0.925,2.286,2.835,0.047,0.092,0.342
D._buzzatii,Wahruna,-25.2,151.17,1994,1994,25,female,0.849,2.226,2.477,0.017,0.011,0.175
D._buzzatii,Wahruna,-25.2,151.17,1994,1994,26,female,0.901,2.260,2.710,0.004,0.092,0.003
D._buzzatii,Wahruna,-25.2,151.17,1994,1994,27,female,0.889,2.262,2.556,0.041,0.004,0.126
D._buzzatii,Wahruna,-25.2,151.17,1994,1994,28,female,0.769,2.223,2.652,0.006,0.048,0.069
D._buzzatii,Wahruna,-25.2,151.17,1994,1994,29,female,0.912,2.265,2.390,0.073,0.004,0.322
D._buzzatii,Wahruna,-25.2,151.17,1994,1994,30,female,1.049,2.350,2.605,0.023,0.059,0.066
D._buzzatii,Wahruna,-25.2,151.17,1994,1994,31,female,1.091,2.249,2.498,0.025,0.024,0.121
D._buzzatii,Wahruna,-25.2,151.17,1994,1994,32,female,0.920,2.293,2.390,0.012,0.125,0.182
D._buzzatii,Wahruna,-25.2,151.17,1994,1994,33,female,0.904,2.334,2.676,0.024,0.093,0.201
D._buzzatii,Wahruna,-25.2,151.17,1994,1994,34,female,0.949,2.337,2.655,0.005,0.020,0.210
D._buzzatii,Wahruna,-25.2,151.17,1994,1994,35,female,0.929,2.259,2.576,0.031,0.044,0.179
D._buzzatii,Wahruna,-25.2,151.17,1994,1994,36,female,0.870,2.224,2.588,0.004,0.036,0.079
D._buzzatii,Wahruna,-25.2,151.17,1994,1994,37,female,0.885,2.257,2.611,0.021,0.017,0.017
D._buzzatii,Wahruna,-25.2,151.17,1994,1994,38,female,0.884,2.411,2.733,0.004,0.140,0.208
D._buzzatii,Wahruna,-25.2,151.17,1994,1994,39,female,0.978,2.251,2.555,0.010,0.003,0.280
D._buzzatii,Wahruna,-25.2,151.17,1994,1994,40,female,0.907,2.312,2.516,0.020,0.044,0.071
D._buzzatii,Wahruna,-25.2,151.17,1994,1994,41,female,0.806,2.242,2.516,0.022,0.022,0.177
D._buzzatii,Wahruna,-25.2,151.17,1994,1994,42,female,0.919,2.272,2.435,0.040,0.097,0.194
D._buzzatii,Wahruna,-25.2,151.17,1994,1994,43,female,0.747,2.268,2.691,0.031,0.035,0.019
D._buzzatii,Wahruna,-25.2,151.17,1994,1994,44,female,1.075,2.251,2.543,0.055,0.047,0.074
D._buzzatii,Wahruna,-25.2,151.17,1994,1994,45,female,0.940,2.322,2.870,0.032,0.005,0.154
D._buzzatii,Wahruna,-25.2,151.17,1994,1994,46,female,0.887,2.361,2.419,0.013,0.008,0.058
D._buzzatii,Wahruna,-25.2,151.17,1994,1994,47,female,0.887,2.317,2.438,0.004,0.009,0.244
D._buzzatii,Wahruna,-25.2,151.17,1994,1994,48,female,0.873,2.188,2.656,0.024,0.053,0.124
D._buzzatii,Wahruna,-25.2,151.17,1994,1994,49,female,1.000,2.296,2.664,0.012,0.016,0.300
D._buzzatii,Wahruna,-25.2,151.17,1994,1994,50,male,0.907,2.288,2.460,0.020,0.057,0.052
D._buzzatii,Wahruna,-25.2,151.17,1994,1994,51,male,0.780,2.298,2.839,0.037,0.126,0.144
D._buzzatii,Wahruna,-25.2,151.17,1994,1994,52,male,0.918,2.226,2.707,0.025,0.071,0.103
D._buzzatii,Wahruna,-25.2,151.17,1994,1994,53,male,0.730,2.245,2.685,0.029,0.050,0.625
D._buzzatii,Wahruna,-25.2,151.17,1994,1994,54,male,0.821,2.221,2.590,,,
D._buzzatii,Wahruna,-25.2,151.17,1994,1994,55,male,0.861,2.286,2.539,0.045,0.061,0.471
D._buzzatii,Wahruna,-25.2,151.17,1994,1994,56,male,0.879,2.225,3.023,0.013,0.036,0.270
D._buzzatii,Wahruna,-25.2,151.17,1994,1994,57,male,0.821,2.210,2.541,0.029,0.037,0.083
D._buzzatii,Wahruna,-25.2,151.17,1994,1994,58,male,0.565,2.168,2.866,0.013,0.057,0.012
D._buzzatii,Wahruna,-25.2,151.17,1994,1994,59,male,0.703,2.176,2.696,0.045,0.179,0.049
D._buzzatii,Wahruna,-25.2,151.17,1994,1994,60,male,0.839,2.260,2.588,0.064,0.033,0.138
D._buzzatii,Wahruna,-25.2,151.17,1994,1994,61,male,0.777,2.286,2.795,0.035,0.130,0.461
D._buzzatii,Wahruna,-25.2,151.17,1994,1994,62,male,0.596,,2.821,,,0.153
D._buzzatii,Wahruna,-25.2,151.17,1994,1994,63,male,0.833,2.162,2.533,0.049,0.177,0.113
D._buzzatii,Wahruna,-25.2,151.17,1994,1994,64,male,0.812,2.216,2.744,0.012,0.033,0.145
D._buzzatii,Wahruna,-25.2,151.17,1994,1994,65,male,0.835,2.241,2.526,0.003,0.075,0.499
D._buzzatii,Wahruna,-25.2,151.17,1994,1994,66,male,0.681,2.394,2.284,0.056,0.082,0.080
D._buzzatii,Wahruna,-25.2,151.17,1994,1994,67,male,0.817,2.251,2.478,0.024,0.045,0.251
D._buzzatii,Wahruna,-25.2,151.17,1994,1994,68,male,0.868,2.253,2.537,0.000,0.051,0.327
D._buzzatii,Wahruna,-25.2,151.17,1994,1994,69,male,0.663,2.200,2.570,0.009,0.138,0.405
D._buzzatii,Wahruna,-25.2,151.17,1994,1994,70,male,0.758,2.292,2.496,0.099,0.136,0.126
D._buzzatii,Wahruna,-25.2,151.17,1994,1994,71,male,0.613,2.284,2.766,0.030,0.054,0.288
D._buzzatii,Wahruna,-25.2,151.17,1994,1994,72,male,0.921,2.236,2.535,0.031,0.205,0.152
D._buzzatii,Wahruna,-25.2,151.17,1994,1994,73,male,0.842,,2.355,,,0.012
D._buzzatii,Wahruna,-25.2,151.17,1994,1994,74,male,0.875,2.206,2.650,0.012,0.004,0.128
D._buzzatii,Wahruna,-25.2,151.17,1994,1994,75,male,0.596,2.282,2.474,0.004,0.055,0.361
D._buzzatii,Wahruna,-25.2,151.17,1994,1994,76,male,0.823,2.293,2.513,0.015,0.022,0.130
D._buzzatii,Wahruna,-25.2,151.17,1994,1994,77,male,0.856,2.181,2.351,0.000,0.172,0.014
D._buzzatii,Wahruna,-25.2,151.17,1994,1994,78,male,0.699,2.255,2.658,0.046,0.208,0.201
D._buzzatii,Wahruna,-25.2,151.17,1994,1994,79,male,0.826,2.282,2.631,0.022,0.078,0.067
D._buzzatii,Wahruna,-25.2,151.17,1994,1994,80,male,0.877,,2.539,,,0.238
D._buzzatii,Wahruna,-25.2,151.17,1994,1994,81,male,0.700,2.238,2.744,0.046,0.248,0.092
D._buzzatii,Wahruna,-25.2,151.17,1994,1994,82,male,0.832,2.220,2.347,0.043,0.058,0.352
D._buzzatii,Wahruna,-25.2,151.17,1994,1994,83,male,0.783,2.224,2.367,0.091,0.129,0.176
D._buzzatii,Wahruna,-25.2,151.17,1994,1994,84,male,0.920,2.206,2.415,0.068,0.020,0.082
D._buzzatii,Wahruna,-25.2,151.17,1994,1994,85,male,0.726,2.174,3.109,0.038,0.003,0.187
D._buzzatii,Wahruna,-25.2,151.17,1994,1994,86,male,0.729,2.236,2.504,0.005,0.011,0.053
D._buzzatii,Wahruna,-25.2,151.17,1994,1994,87,male,0.912,2.242,2.488,0.008,0.020,0.195
D._buzzatii,Wahruna,-25.2,151.17,1994,1994,88,male,0.618,2.263,2.936,0.017,0.062,0.699
D._buzzatii,Wahruna,-25.2,151.17,1994,1994,89,male,0.934,2.209,2.361,0.056,0.074,0.139
D._buzzatii,Wahruna,-25.2,151.17,1994,1994,90,male,0.785,2.230,2.671,0.020,0.129,0.131
D._buzzatii,Wahruna,-25.2,151.17,1994,1994,91,male,0.866,2.309,2.277,0.021,0.009,0.008
D._buzzatii,Wahruna,-25.2,151.17,1994,1994,92,male,0.623,,2.661,,,0.318
D._buzzatii,Wahruna,-25.2,151.17,1994,1994,93,male,0.788,2.289,2.690,0.002,0.061,0.155
D._buzzatii,Wahruna,-25.2,151.17,1994,1994,94,male,0.826,2.323,2.314,0.024,0.060,0.326
D._buzzatii,Wahruna,-25.2,151.17,1994,1994,95,male,0.791,2.251,2.721,0.005,0.141,0.123
D._buzzatii,Wahruna,-25.2,151.17,1994,1994,96,male,0.640,2.379,2.727,0.042,0.019,0.245
D._buzzatii,Wahruna,-25.2,151.17,1994,1994,97,male,0.848,2.157,2.693,0.037,0.007,0.091
D._buzzatii,Wahruna,-25.2,151.17,1994,1994,98,male,0.868,2.331,2.521,0.018,0.015,0.210
D._buzzatii,Wahruna,-25.2,151.17,1994,1994,99,male,0.802,2.290,2.857,0.033,0.115,0.154
